gap,band,Company,What they are,Kind of business,HQ,Country,Staff (company),Capacity MW,Hyperscale focus,People we have mapped,Ward searches,Already linked to,Website,LinkedIn,Where the name came from,company_id
no connection at all,A · Big and blank,Fermi America,NeoCloud / AI infra,Pure-play data center,"Amarillo, Texas, United States",United States,11 to 50,10400,Primary Focus,5,,,https://fermiamerica.com/,https://www.linkedin.com/company/fermi-america/,Data Centre Developer,fermi-america
no connection at all,A · Big and blank,O'Leary Ventures,NeoCloud / AI infra,Pure-play data center,"Miami, Florida, United States",United States,1 to 10,5568,,,,,http://www.olearyventures.com,https://www.linkedin.com/company/o'leary-ventures/,Data Centre Developer,o-leary-ventures
no connection at all,A · Big and blank,Scala,DC developer / operator,Pure-play data center,"Bellevue, Washington, United States",United States,11 to 50,5241,Primary Focus,150,,,https://scala.ai,https://www.linkedin.com/company/scala-ai/,Data Centre Developer,scala
no connection at all,A · Big and blank,Sailfish  Investors,NeoCloud / AI infra,Pure-play data center,"West Palm Beach, Florida, United States",United States,1 to 10,5197,,1,,,www.sailfishinvestors.com,https://www.linkedin.com/company/sailfishinvestors/,Data Centre Developer,sailfish-investors
no connection at all,A · Big and blank,Energy Abundance,NeoCloud / AI infra,Pure-play data center,"Houston, Texas, United States",United States,1 to 10,5000,Secondary Focus,3,,,https://www.energyabundance.com/,https://www.linkedin.com/company/energy-abundance/,Data Centre Developer,energy-abundance
no connection at all,A · Big and blank,Merlin Properties,DC developer / operator,Pure-play data center,"Madrid, Spain",Spain,201-500,4352,Secondary Focus,,,,https://www.merlinproperties.com/?utm_medium=social&utm_source=linkedin&utm_campaign=,https://www.linkedin.com/company/merlinproperties/,Data Centre Developer,merlin-properties
no connection at all,A · Big and blank,Elea Data Centers,DC developer / operator,Pure-play data center,"Rio De Janerio, Brazil",Brazil,51-200,3486,,2,,,https://www.eleadatacenters.com,https://www.linkedin.com/company/eleadatacenters/,Data Centre Developer,elea-data-centers
no connection at all,A · Big and blank,ILI Group,DC developer / operator,Pure-play data center,"Hamilton, United Kingdom",United Kingdom,1 to 10,3080,,2,,,http://www.ili-energy.com/,https://www.linkedin.com/company/ili-group/,Data Centre Developer,ili-group
no connection at all,A · Big and blank,Mistral AI,NeoCloud / AI infra,Pure-play data center,"Paris, France",France,201-500,2800,,,,,https://mistral.ai/,https://www.linkedin.com/company/mistralai/,Data Centre Developer,mistral-ai
no connection at all,A · Big and blank,TECfusions,DC developer / operator,Pure-play data center,"Clearwater, Florida, United States",United States,51-200,2700,,9,,,http://www.tecfusions.com,https://www.linkedin.com/company/tecfusions/,Data Centre Developer,tecfusions
no connection at all,A · Big and blank,Wallace Jackson LLC,DC developer / operator,Pure-play data center,,,,2668,,,,,,,Data Centre Developer,wallace-jackson-llc
no connection at all,A · Big and blank,CDC Data Centres,DC developer / operator,Pure-play data center,"Fyshwick, Australia",Australia,51-200,2617,,,,,https://cdc.com/,https://www.linkedin.com/company/cdc-data-centres/,Data Centre Developer,cdc-data-centres
no connection at all,A · Big and blank,Stock Farm Road,DC developer / operator,Pure-play data center,,,,2500,,,,,https://www.stockfarmroad.com/,,Data Centre Developer,stock-farm-road
no connection at all,A · Big and blank,AiOnX,NeoCloud / AI infra,Pure-play data center,,,,2430,Primary Focus,,,,,,Data Centre Developer,aionx
no connection at all,A · Big and blank,Tramell Crow Company,DC developer / operator,Pure-play data center,"Dallas, Texas, United States",United States,"501-1,000",2423,Secondary Focus,,,,http://www.trammellcrow.com,https://www.linkedin.com/company/trammell-crow-company/,Data Centre Developer,tramell-crow-company
no connection at all,A · Big and blank,Start Campus,DC developer / operator,Pure-play data center,"Lisbon, Portugal",Portugal,51-200,2191,Primary Focus,4,,,https://www.startcampus.pt,https://www.linkedin.com/company/start-campus/,Data Centre Developer,start-campus
no connection at all,A · Big and blank,DCI Indonesia,DC developer / operator,Pure-play data center,Jakarta,Jakarta,51-200,2017,,,,,http://www.dci-indonesia.com,https://www.linkedin.com/company/dci-indonesia/,Data Centre Developer,dci-indonesia
no connection at all,A · Big and blank,Goodman,DC developer / operator,Pure-play data center,"Sydney, New South Wales, Australia",Australia,"1,001-5,000",2017,Secondary Focus,29,10,,http://www.goodman.com,https://www.linkedin.com/company/goodman/,Data Centre Developer,goodman
no connection at all,A · Big and blank,AdaniConnex,DC developer / operator,Pure-play data center,"Ahmedabad, Gujarat",Gujarat,201-500,1994,Primary Focus,,,,https://www.adaniconnex.com/,https://www.linkedin.com/company/adani-connex/,Data Centre Developer,adaniconnex
no connection at all,A · Big and blank,DAMAC Digital,DC developer / operator,Real estate / industrial,Dubai,Dubai,"1,001-5,000",1948,Primary Focus,10,,,https://damacdigital.com/,https://www.linkedin.com/company/damacdigital/,Data Centre Developer,damac-digital
no connection at all,A · Big and blank,CtrlS,DC developer / operator,Pure-play data center,"Hyderabad, Telangana",Telangana,"1,001-5,000",1856,Secondary Focus,,,,http://www.ctrls.com,https://www.linkedin.com/company/ctrls-datacenters-ltd/,Data Centre Developer,ctrls
no connection at all,A · Big and blank,Omniva,DC developer / operator,Pure-play data center,"Tallinn, Estonia",Estonia,"1,001-5,000",1834,,,,,https://www.omnivagroup.com/,https://www.linkedin.com/company/omnivagroup/,Data Centre Developer,omniva
no connection at all,A · Big and blank,"Pioneer Development,LLC",DC developer / operator,Pure-play data center,"Durango, Colorado, United States",United States,1 to 10,1803,,2,,,https://www.pioneerdevelopmentcompany.com/,https://www.linkedin.com/company/pioneer-development-company-llc/,Data Centre Developer,pioneer-development-llc
no connection at all,A · Big and blank,TPA,DC developer / operator + Real estate & industrial developer,Pure-play data center,"Birmingham, Alabama",Alabama,51-200,1782,,,,,https://www.tpagroup.com,https://www.linkedin.com/company/tpa-group/,Data Centre Developer; Real Estate Developers USA,tpa
no connection at all,A · Big and blank,NEXTDC,DC developer / operator,Pure-play data center,"Brisbane, Queensland, Australia",Australia,201-500,1729,Primary Focus,3,,,http://www.nextdc.com,https://www.linkedin.com/company/nextdc/,Data Centre Developer,nextdc
no connection at all,A · Big and blank,NE Edge,DC developer / operator,Pure-play data center,"Belmont, Massachusetts, United States",United States,,1645,,,,,https://ne-edgedatacenters.com/,,Data Centre Developer,ne-edge
no connection at all,A · Big and blank,AVAIO Digital Partners,DC developer / operator,Pure-play data center,"Stamford, Connecticut, United States",United States,11 to 50,1580,Primary Focus,1,,,https://www.avaiodigital.com/,https://www.linkedin.com/company/avaio-digital-partners/,Data Centre Developer,avaio-digital-partners
no connection at all,A · Big and blank,TPG Real Estate Partners,DC developer / operator,Pure-play data center,"San Francisco, California, United States",United States,"1,001-5,000",1505,Secondary Focus,,,,https://www.tpg.com/platforms/real-estate/tpg-real-estate-partners,https://www.linkedin.com/company/tpg-capital/,Data Centre Developer,tpg-real-estate-partners
no connection at all,A · Big and blank,Doma Infrastructure Group,DC developer / operator,Pure-play data center,,,1 to 10,1500,,,,,www.domainfra.com,https://www.linkedin.com/company/doma-infrastructure/,Data Centre Developer,doma-infrastructure-group
no connection at all,A · Big and blank,SDC Capital Partners,DC developer / operator,Pure-play data center,"New York, United States",United States,51-200,1355,Secondary Focus,6,,,https://sdccapitalpartners.com/,https://www.linkedin.com/company/sdc-capital-partners/,Data Centre Developer,sdc-capital-partners
no connection at all,A · Big and blank,Colt DCS,DC developer / operator,Pure-play data center,,,,1296,Secondary Focus,1,,,,,Data Centre Developer,colt-dcs
no connection at all,A · Big and blank,Sify Technologies,DC developer / operator,Pure-play data center,"Chennai, Tamil Nadu, India",India,"1,001-5,000",1286,,1,,,https://www.sifytechnologies.com/,https://www.linkedin.com/company/sify/,Data Centre Developer,sify-technologies
no connection at all,A · Big and blank,CalEthos,NeoCloud / AI infra,Pure-play data center,"Tustin, California",California,1 to 10,1260,,2,,,www.calethos.com,https://www.linkedin.com/company/calethos/,Data Centre Developer,calethos
no connection at all,A · Big and blank,Plaza Realty & Management,DC developer / operator,Pure-play data center,"Stamford, Connecticut, United States",United States,11 to 50,1250,,,,,https://plazarealtymgmt.com/,https://www.linkedin.com/company/plaza-realty-management-coporation/,Data Centre Developer,plaza-realty-management
no connection at all,A · Big and blank,CloudBurst,DC developer / operator,Pure-play data center,"Denver, Colorado, United States",United States,11 to 50,1200,Primary Focus,,,,www.cloudburstdc.com,https://www.linkedin.com/company/cloudburst-data-centers-inc/,Data Centre Developer,cloudburst
no connection at all,A · Big and blank,Reef Group,DC developer / operator,Pure-play data center,"London, United Kingdom",United Kingdom,11 to 50,1200,,,,,http://www.reefgroup.co.uk,https://www.linkedin.com/company/reef-estates-limited/,Data Centre Developer,reef-group
no connection at all,A · Big and blank,Starwood Digital Ventures,DC developer / operator,Pure-play data center,"Miami Beach, Florida, United States",United States,51-200,1200,Primary Focus,,,,www.starwoodcapital.com,https://www.linkedin.com/company/starwooddigitalventures/,Data Centre Developer,starwood-digital-ventures
no connection at all,A · Big and blank,COPT,DC developer / operator,Pure-play data center,"Columbia, Maryland, United States",United States,201-500,1160,Secondary Focus,,,,http://www.copt.com,https://www.linkedin.com/company/copt-defense-properties/,Data Centre Developer,copt
no connection at all,A · Big and blank,Keppel Data Centres,DC developer / operator,Pure-play data center,Singapore,Singapore,201-500,1147,Primary Focus,,,,https://www.keppeldatacentres.com/,https://www.linkedin.com/company/keppel-data-centres-pte-ltd-/,Data Centre Developer,keppel-data-centres
no connection at all,A · Big and blank,Digital Connexion,DC developer / operator,Pure-play data center,"Mumbai, Maharashtra",Maharashtra,11 to 50,1140,,,,,https://digitalconnexion.com/,https://www.linkedin.com/company/digital-connexion-dx/,Data Centre Developer,digital-connexion
no connection at all,A · Big and blank,ISPT,DC developer / operator,Pure-play data center,"Melbourne, Victoria, Australia",Australia,51-200,1120,Secondary Focus,,,,,https://www.linkedin.com/company/ispt/,Data Centre Developer,ispt
no connection at all,A · Big and blank,Atlas Development,DC developer / operator,Pure-play data center,"Tucson, Arizona, United States",United States,,1064,,,,,http://www.sunquestinfo.com,https://www.linkedin.com/company/atlas-development-corporation/,Data Centre Developer,atlas-development
no connection at all,A · Big and blank,Copia Power Devco,DC developer / operator,Pure-play data center,"Dana Point, California, United States",United States,51-200,1050,Primary Focus,,,,https://www.copiapower.com/,https://www.linkedin.com/company/copia-power/,Data Centre Developer,copia-power-devco
no connection at all,A · Big and blank,Red Wolf DCD Properties LLC,DC developer / operator,Pure-play data center,,,,1012,,,,,,,Data Centre Developer,red-wolf-dcd-properties-llc
no connection at all,A · Big and blank,Apatura,DC developer / operator,Pure-play data center,York,York,51-200,1000,Primary Focus,,,,https://apatura.energy/,https://www.linkedin.com/company/apaturaenergy/,Data Centre Developer,apatura
no connection at all,A · Big and blank,Arizona Land Consulting (ALC),DC developer / operator,Pure-play data center,"Scottsdale, Arizona, United States",United States,,1000,,,,,https://www.arizonalandconsulting.com/,,Data Centre Developer,arizona-land-consulting
no connection at all,A · Big and blank,Atlas Compute,DC developer / operator,Pure-play data center,"Miami, Florida, United States",United States,11 to 50,1000,Primary Focus,,,,https://atlascompute.ai/,https://www.linkedin.com/company/atlas-compute/,Data Centre Developer,atlas-compute
no connection at all,A · Big and blank,Fidelis New Energy,DC developer / operator,Pure-play data center,,,,1000,,,,,,,Data Centre Developer,fidelis-new-energy
no connection at all,A · Big and blank,FlexBase,DC developer / operator,Pure-play data center,,,,1000,,,,,,,Data Centre Developer,flexbase
no connection at all,A · Big and blank,XDC Properties,DC developer / operator,Pure-play data center,,,,960,Primary Focus,,,,,,Data Centre Developer,xdc-properties
no connection at all,A · Big and blank,Eagle Rock Partners,DC developer / operator,Pure-play data center,"Newton, Massachusetts, United States",United States,1 to 10,900,,,,,http://eaglerockrepartners.com,,Data Centre Developer,eagle-rock-partners
no connection at all,A · Big and blank,Echelon,DC developer / operator,Pure-play data center,,,,865,,10,,,,,Data Centre Developer,echelon
no connection at all,A · Big and blank,VNET,DC developer / operator,Pure-play data center,"Bratislava, Slovakia",Slovakia,51-200,842,Secondary Focus,,,,https://www.vnet.sk/sk/biznis/biznis-landing/,https://www.linkedin.com/company/vnetas/,Data Centre Developer,vnet
no connection at all,A · Big and blank,Nxtra By Airtel,DC developer / operator,Pure-play data center,"Gurugram, Haryana, India",India,51-200,841,,,,,https://www.nxtra.in/,https://www.linkedin.com/company/nxtrabyairtel/,Data Centre Developer,nxtra-by-airtel
no connection at all,A · Big and blank,Adriatic DC,DC developer / operator,Pure-play data center,Milan,Milan,1 to 10,840,,,,,adriaticdc.com,https://www.linkedin.com/company/adriatic-dc/,Data Centre Developer,adriatic-dc
no connection at all,A · Big and blank,Lerner Enterprises,DC developer / operator,Pure-play data center,"Rockville, Maryland, United States",United States,"501-1,000",820,,,,,http://www.lerner.com,https://www.linkedin.com/company/lerner-enterprises/,Data Centre Developer,lerner-enterprises
no connection at all,A · Big and blank,"Servistar Realties, LLC",DC developer / operator,Pure-play data center,,,,820,,,,,,,Data Centre Developer,servistar-realties-llc
no connection at all,A · Big and blank,DataVolt,DC developer / operator,Pure-play data center,Riyadh,Riyadh,51-200,807,Primary Focus,,,,https://data-volt.com/,https://www.linkedin.com/company/data-volt/,Data Centre Developer,datavolt
no connection at all,A · Big and blank,Polarnode,DC developer / operator,Pure-play data center,"Helsinki, Finland",Finland,1 to 10,800,,,,,https://www.polarnode.fi/,https://www.linkedin.com/company/polarnode/,Data Centre Developer,polarnode
no connection at all,A · Big and blank,Potomac Developent Group,DC developer / operator,Pure-play data center,"Chantilly, Virginia, United States",United States,11 to 50,800,,,,,https://www.potomacdevgrp.com/,https://www.linkedin.com/company/potomac-development-group/,Data Centre Developer,potomac-developent-group
no connection at all,A · Big and blank,Humber Tech Park,DC developer / operator,Pure-play data center,"London, United Kingdom",United Kingdom,1 to 10,768,,,,,www.humbertechpark.com,https://www.linkedin.com/company/humber-tech-park/,Data Centre Developer,humber-tech-park
no connection at all,A · Big and blank,Chirisa Technology Parks,DC developer / operator,Pure-play data center,"Richmond, Virginia, United States",United States,51-200,748,,1,,,https://chirisatechnologyparks.com/,https://www.linkedin.com/company/chirisa-technology-parks/,Data Centre Developer,chirisa-technology-parks
no connection at all,A · Big and blank,BDx,DC developer / operator,Pure-play data center,,,201-500,741,Primary Focus,,,,https://www.bdxworld.com/,https://www.linkedin.com/company/bdx-data-centers/,Data Centre Developer,bdx
no connection at all,A · Big and blank,Data One,DC developer / operator,Pure-play data center,"Saint-Aubin-sur-Gaillon, France",France,51-200,720,,,,,https://www.groupediffusionplus.fr/implantations-data-one/,https://www.linkedin.com/company/data-one-27/,Data Centre Developer,data-one
no connection at all,A · Big and blank,GARBE.DC,DC developer / operator,Real estate / industrial,"Hamburg, Germany",Germany,11 to 50,700,Primary Focus,2,,,https://www.garbedc.com,https://www.linkedin.com/company/garbedc/,Data Centre Developer,garbe-dc
no connection at all,A · Big and blank,STT Global Data Centres India,DC developer / operator,Pure-play data center,,,,675,,,,,,,Data Centre Developer,stt-global-data-centres-india
no connection at all,A · Big and blank,MCD 7 LLC,DC developer / operator,Pure-play data center,,,,666,,,,,,,Data Centre Developer,mcd-7-llc
no connection at all,A · Big and blank,East Village Dothan LLC.,DC developer / operator,Pure-play data center,,,,660,,,,,,,Data Centre Developer,east-village-dothan-llc
no connection at all,A · Big and blank,Yotta,DC developer / operator,Pure-play data center,"New York, United States",United States,11 to 50,652,,,,,https://www.withyotta.com/,https://www.linkedin.com/company/yottasaving/,Data Centre Developer,yotta
no connection at all,A · Big and blank,Menlo Equities,DC developer / operator,Pure-play data center,"Menlo Park, California, United States",United States,11 to 50,647,Secondary Focus,1,,,http://www.menloequities.com/,https://www.linkedin.com/company/menlo-equities/,Data Centre Developer,menlo-equities
no connection at all,A · Big and blank,YTL,DC developer / operator,Pure-play data center,,,,617,Secondary Focus,,,,,,Data Centre Developer,ytl
no connection at all,A · Big and blank,Bosung Group,DC developer / operator,Pure-play data center,,,,600,,,,,,,Data Centre Developer,bosung-group
no connection at all,A · Big and blank,Penzance,DC developer / operator,Pure-play data center,"Washington DC, United States",United States,51-200,600,,5,,,https://pzredi.com/,https://www.linkedin.com/company/penzance/,Data Centre Developer,penzance
no connection at all,A · Big and blank,VDR Group,DC developer / operator,Pure-play data center,"Orange, California, United States",United States,11 to 50,600,,,,,https://www.vdr.com/,https://www.linkedin.com/company/the-vdr-group-inc./,Data Centre Developer,vdr-group
no connection at all,A · Big and blank,RackBank,DC developer / operator,Pure-play data center,"Indore, Madhya Pradesh, India",India,51-200,590,,,,,https://www.rackbank.com/,https://www.linkedin.com/company/rackbank/?originalSubdomain=in,Data Centre Developer,rackbank
no connection at all,A · Big and blank,DPS Resources,DC developer / operator,Pure-play data center,Melaka,Melaka,"501-1,000",588,,,,,https://dpsland.com/,https://www.linkedin.com/company/dps-resources-bhd/?originalSubdomain=my,Data Centre Developer,dps-resources
no connection at all,A · Big and blank,Racks Central,DC developer / operator,Pure-play data center,Singapore,Singapore,51-200,532,,,,,https://www.rackscentral.com,https://www.linkedin.com/company/racks-central-pte-ltd/,Data Centre Developer,racks-central
no connection at all,A · Big and blank,FF Ventures,DC developer / operator,Pure-play data center,,,,528,,,,,,,Data Centre Developer,ff-ventures
no connection at all,A · Big and blank,CURRENC Group Inc.,DC developer / operator,Pure-play data center,,,,500,,,,,,,Data Centre Developer,currenc-group-inc
no connection at all,A · Big and blank,Panchshil Realty,DC developer / operator,Pure-play data center,"Pune, Maharashtra, India",India,"1,001-5,000",500,Secondary Focus,,,,http://www.panchshil.com,https://www.linkedin.com/company/panchshilrealty/,Data Centre Developer,panchshil-realty
no connection at all,A · Big and blank,Red Admiral DC,DC developer / operator,Pure-play data center,"Tullamore, Ireland",Ireland,,500,,,,,https://lumcloonenergy.com/red-admiral/,,Data Centre Developer,red-admiral-dc
no connection at all,A · Big and blank,FutureData,DC developer / operator,Pure-play data center,,,,483,,,,,,,Data Centre Developer,futuredata
no connection at all,A · Big and blank,XTX Markets,NeoCloud / AI infra,Pure-play data center,"London, United Kingdom",United Kingdom,51-200,478,,,,,https://www.xtxmarkets.com,https://www.linkedin.com/company/xtx-markets/,Data Centre Developer,xtx-markets
no connection at all,A · Big and blank,GreenSquareDC,DC developer / operator,Pure-play data center,"Sydney, New South Wales, Australia",Australia,11 to 50,471,,,,,https://greensquaredc.com/home/,https://www.linkedin.com/company/greensquaredc/,Data Centre Developer,greensquaredc
no connection at all,A · Big and blank,HHHunt,DC developer / operator,Pure-play data center,"Blacksburg, Virginia, United States",United States,201-500,450,,1,,,http://www.hhhunt.com,https://www.linkedin.com/company/hhhunt-corporation/,Data Centre Developer,hhhunt
no connection at all,A · Big and blank,Tillion Data Centers,DC developer / operator,Conglomerate,"Dallas, Texas, United States",United States,11 to 50,450,Primary Focus,1,,,https://www.tillion.digital/,https://www.linkedin.com/company/tilliondigital/,Data Centre Developer,tillion-data-centers
no connection at all,A · Big and blank,K2 Data Centres,DC developer / operator,Pure-play data center,,,,445,,,,,,,Data Centre Developer,k2-data-centres
no connection at all,A · Big and blank,Blackberry AIF,DC developer / operator,Pure-play data center,"Waterloo, Canada",Canada,11 to 50,440,,,,,https://blackberryaif.com/,https://www.linkedin.com/company/blackberry-aif/,Data Centre Developer,blackberry-aif
no connection at all,A · Big and blank,JK Land Holdings,DC developer / operator,Pure-play data center,"Sterling, Virginia, United States",United States,1 to 10,438,,,,,http://jklandholdings.net,https://www.linkedin.com/company/jk-land-holdings/,Data Centre Developer,jk-land-holdings
no connection at all,A · Big and blank,BlackChamber Group,DC developer / operator,Pure-play data center,"Washington D.C., United States",United States,,433,,1,,,https://blackchambergroup.com/,,Data Centre Developer,blackchamber-group
no connection at all,A · Big and blank,ZerraDC,DC developer / operator,Pure-play data center,Singapore,Singapore,11 to 50,430,,,,,https://www.zerradc.com,https://www.linkedin.com/company/zerradc/?originalSubdomain=sg,Data Centre Developer,zerradc
no connection at all,A · Big and blank,Starwood Capital,DC developer / operator,Pure-play data center,"Miami Beach, Florida, United States",United States,"1,001-5,000",426,Secondary Focus,3,,,http://www.starwoodcapital.com,https://www.linkedin.com/company/starwood-capital-group/,Data Centre Developer,starwood-capital
no connection at all,A · Big and blank,Compute Nordic,DC developer / operator,Pure-play data center,London,London,51-200,424,,,,,https://computenordic.com,https://www.linkedin.com/company/computenordic/,Data Centre Developer,compute-nordic
no connection at all,A · Big and blank,Alibaba Cloud,Hyperscaler,Pure-play data center,"Hangzhou, China",China,10001,424,Primary Focus,2,,,https://www.alibabacloud.com/,https://www.linkedin.com/company/alibaba-cloud-computing-company/,Data Centre Developer,alibaba-cloud
no connection at all,A · Big and blank,DCI Data Centers,DC developer / operator,Pure-play data center,"Sydney, Australia",Australia,11 to 50,414,Primary Focus,1,,,https://dcidatacenters.com,https://www.linkedin.com/company/dcidatacenters/,Data Centre Developer,dci-data-centers
no connection at all,A · Big and blank,ZDATA,DC developer / operator,Pure-play data center,"Sao Paulo, Brazil",Brazil,1 to 10,403,,,,,https://www.linkedin.com/company/zdatae,https://www.linkedin.com/company/zdatae/,Data Centre Developer,zdata
no connection at all,A · Big and blank,Centersquare,DC developer / operator,Pure-play data center,"Coppell, Texas, United States",United States,"501-1,000",401,,,,,https://www.csquare.com/,https://www.linkedin.com/company/csquare/,Data Centre Developer,centersquare
no connection at all,A · Big and blank,Active Infrastructure,DC developer / operator,Pure-play data center,"New York, United States",United States,1 to 10,400,,,,,https://www.activeinfra.com/,https://www.linkedin.com/company/active-infrastructure/,Data Centre Developer,active-infrastructure
no connection at all,A · Big and blank,Solaria,DC developer / operator,Pure-play data center,,,,400,,,,,,,Data Centre Developer,solaria
no connection at all,A · Big and blank,Logistix,DC developer / operator,Pure-play data center,,,,400,,,,,,,Data Centre Developer,logistix
no connection at all,A · Big and blank,Art Data Centres,DC developer / operator,Pure-play data center,,,,396,,,,,,,Data Centre Developer,art-data-centres
no connection at all,A · Big and blank,Ascenty,DC developer / operator,Pure-play data center,"Vinhedo, Brazil",Brazil,"501-1,000",393,Primary Focus,14,,,http://www.ascenty.com,https://www.linkedin.com/company/ascenty/,Data Centre Developer,ascenty
no connection at all,A · Big and blank,Firmus Technologies,DC developer / operator,Pure-play data center,,,,390,,,,,,,Data Centre Developer,firmus-technologies
no connection at all,A · Big and blank,Pelagos Data Centres,DC developer / operator,Pure-play data center,Gibraltar,Gibraltar,,380,,,,,https://pelagosdata.com/,,Data Centre Developer,pelagos-data-centres
no connection at all,A · Big and blank,GotSpace Data Partners,DC developer / operator,Pure-play data center,,,,378,,,,,,,Data Centre Developer,gotspace-data-partners
no connection at all,A · Big and blank,Kao Data,DC developer / operator,Pure-play data center,"Harlow, United Kingdom",United Kingdom,11 to 50,377,Primary Focus,11,,,http://kaodata.com/,https://www.linkedin.com/company/kao-data/,Data Centre Developer,kao-data
no connection at all,A · Big and blank,Archbald 25 Developer,DC developer / operator,Pure-play data center,"London, United Kingdom",United Kingdom,51-200,374,,,,,https://www.datacenterdynamics.com/en/tags/archbald-25-developer-llc/,https://www.linkedin.com/company/datacenterdynamics/,Data Centre Developer,archbald-25-developer
no connection at all,A · Big and blank,KDDI Telehouse,DC developer / operator,Pure-play data center,"Staten Island, New York, United States",United States,51-200,366,,,,,https://www.telehouse.com/our-partners/partner-alliances/kddi/,https://www.linkedin.com/company/telehouse-america/,Data Centre Developer,kddi-telehouse
no connection at all,A · Big and blank,ASP Datacenter,DC developer / operator,Pure-play data center,Stavanger,Stavanger,11 to 50,363,,,,,https://www.aspdatacenter.no/,https://www.linkedin.com/company/asp-data-center/,Data Centre Developer,asp-datacenter
no connection at all,A · Big and blank,Herbata Ltd,DC developer / operator,Pure-play data center,,,,360,,,,,,,Data Centre Developer,herbata-ltd
no connection at all,A · Big and blank,TA Realty,DC developer / operator,Pure-play data center,"Boston, Massachusetts, United States",United States,51-200,352,Secondary Focus,3,,,https://www.tarealty.com/,https://www.linkedin.com/company/ta-realty/,Data Centre Developer,ta-realty
no connection at all,A · Big and blank,Hyperscale Data Inc,NeoCloud / AI infra,Pure-play data center,"Las Vegas, Nevada",Nevada,201-500,340,Primary Focus,,,,https://hyperscaledata.com/,https://www.linkedin.com/company/hyperscaledata/,Data Centre Developer,hyperscale-data-inc
no connection at all,A · Big and blank,Western Hospitality Partners,DC developer / operator,Pure-play data center,,,,330,,,,,,,Data Centre Developer,western-hospitality-partners
no connection at all,A · Big and blank,Centrin Data Systems,DC developer / operator,Pure-play data center,"Beijing, China",China,201-500,327,,,,,http://www.centrin.com.cn,https://www.linkedin.com/company/centrin-data-system/,Data Centre Developer,centrin-data-systems
no connection at all,A · Big and blank,Tencent,Hyperscaler,Pure-play data center,"Shenzhen, China",China,10001,321,Primary Focus,,,,https://www.tencent.com/en-us/,https://www.linkedin.com/company/tencentglobal/,Data Centre Developer,tencent
no connection at all,A · Big and blank,Urbacon Data Centre Solutions,DC developer / operator,Pure-play data center,Toronto,Toronto,51-200,318,,,,,http://udcsdatacentres.com/,https://www.linkedin.com/company/urbacon-data-centre-solutions/,Data Centre Developer,urbacon-data-centre-solutions
no connection at all,A · Big and blank,Beijing Sinnet Technology,DC developer / operator,Pure-play data center,China,China,,316,,,,,https://en.sinnet.com.cn/,,Data Centre Developer,beijing-sinnet-technology
no connection at all,A · Big and blank,Global Data Centre,DC developer / operator,Pure-play data center,"Sydney, Australia",Australia,,311,,,,,https://www.globaldatacentres.com.au/,,Data Centre Developer,global-data-centre
no connection at all,A · Big and blank,Pennhurst Group LLC,DC developer / operator,Pure-play data center,"Frazer, United States",United States,51-200,310,,,,,http://www.clarityservicegroup.com,https://www.linkedin.com/company/clarity-service-group--a-member-of-the-pennhurst-group-llc/,Data Centre Developer,pennhurst-group-llc
no connection at all,A · Big and blank,Form8tion Data Centers,DC developer / operator,Real estate / industrial,"London, United Kingdom",United Kingdom,,308,Primary Focus,9,,,https://www.form8tion.net/data-centers/,https://www.linkedin.com/company/form8tion/,Data Centre Developer,form8tion-data-centers
no connection at all,A · Big and blank,APL,DC developer / operator,Pure-play data center,"Arlington, Virginia",Virginia,"5,001-10,000",300,,,,,http://www.apl.com,https://www.linkedin.com/company/apl/,Data Centre Developer,apl
no connection at all,A · Big and blank,Beijing Haoyang,DC developer / operator,Pure-play data center,"Beijing, China",China,,300,,,,,https://en.haoyangcloud.com/,,Data Centre Developer,beijing-haoyang
no connection at all,A · Big and blank,Eclairion,DC developer / operator,Pure-play data center,France,France,11 to 50,300,,,,,https://eclairion.com/,https://www.linkedin.com/company/eclairion/,Data Centre Developer,eclairion
no connection at all,A · Big and blank,Endec Group,DC developer / operator,Pure-play data center,,,,300,,,,,,,Data Centre Developer,endec-group
no connection at all,A · Big and blank,MSFusion,DC developer / operator,Pure-play data center,"Johor Bahru, Johor, Malaysia",Malaysia,,300,,,,,https://ms-fusion.com/,,Data Centre Developer,msfusion
no connection at all,A · Big and blank,Province Group,DC developer / operator,Pure-play data center,"Newport Beach, California, United States",United States,1 to 10,300,,,,,http://www.provincegroup.com/,https://www.linkedin.com/company/province-group/,Data Centre Developer,province-group
no connection at all,A · Big and blank,Vingroup,DC developer / operator,Pure-play data center,"Hanoi, Vietnam",Vietnam,"501-1,000",300,,,,,https://vingroup.net/,https://www.linkedin.com/company/vingroupvietnam/,Data Centre Developer,vingroup
no connection at all,A · Big and blank,Cielo Digital Infrastructure,DC developer / operator,Pure-play data center,"Spring, Texas, United States",United States,1 to 10,296,Primary Focus,,,,https://cieloinfra.com/,https://www.linkedin.com/company/cielo-digital-infrastructure/,Data Centre Developer,cielo-digital-infrastructure
no connection at all,A · Big and blank,Montana Property Group LLC,DC developer / operator,Pure-play data center,,,,296,,,,,,,Data Centre Developer,montana-property-group-llc
no connection at all,A · Big and blank,OneAs1a,DC developer / operator,Pure-play data center,,,,294,,,,,,,Data Centre Developer,oneas1a
no connection at all,A · Big and blank,Echelon Iberdrola Digital Infra,DC developer / operator,Pure-play data center,,,,288,,,,,,,Data Centre Developer,echelon-iberdrola-digital-infra
no connection at all,A · Big and blank,SUNeVision iAdvantage,DC developer / operator,Pure-play data center,Hong Kong,Hong Kong,201-500,285,,,,,https://www.iadvantage.net/,https://www.linkedin.com/company/sunevision-holdings-ltd./,Data Centre Developer,sunevision-iadvantage
no connection at all,A · Big and blank,Empyrion Digital,DC developer / operator,Pure-play data center,,,51-200,282,Primary Focus,2,,,https://empyriondigital.com/,https://www.linkedin.com/company/empyrion-digital/,Data Centre Developer,empyrion-digital
no connection at all,A · Big and blank,"Project Turbo, LLC",DC developer / operator,Pure-play data center,,,,278,,,,,https://www.projectturbollc.com/contact,,Data Centre Developer,project-turbo-llc
no connection at all,A · Big and blank,Lefdal Mine Data Centers,DC developer / operator,Pure-play data center,"Kjølsdalen, Norway",Norway,11 to 50,276,,2,,,https://www.lefdalmine.com/,https://www.linkedin.com/company/lefdal-mine-datacenter-as/,Data Centre Developer,lefdal-mine-data-centers
no connection at all,A · Big and blank,NEP Real Estate,DC developer / operator,Pure-play data center,"Kathmandu, Nepal",Nepal,11 to 50,276,,,,,www.nepestateventure.com,https://www.linkedin.com/company/nepestateventure.com/,Data Centre Developer,nep-real-estate
no connection at all,A · Big and blank,Shanghai Baosight Software,DC developer / operator,Pure-play data center,"Shanghai, China",China,"1,001-5,000",274,,,,,http://www.baosight.com/,https://www.linkedin.com/company/baosight/,Data Centre Developer,shanghai-baosight-software
no connection at all,A · Big and blank,MC Digital Realty,DC developer / operator,Pure-play data center,"Tokyo, Japan",Japan,51-200,273,Primary Focus,,,,http://mc-digitalrealty.com,https://www.linkedin.com/company/mc-digital-realty/,Data Centre Developer,mc-digital-realty
no connection at all,A · Big and blank,True IDC,DC developer / operator,Pure-play data center,"Bangkok, Thailand",Thailand,201-500,266,,,,,http://www.trueidc.com,https://www.linkedin.com/company/true-idc-thailand/,Data Centre Developer,true-idc
no connection at all,A · Big and blank,Bulk Infrastructure,DC developer / operator,Pure-play data center,,,51-200,264,Primary Focus,5,,,http://www.bulkinfrastructure.com,https://www.linkedin.com/company/bulk-infrastructure-as/,Data Centre Developer,bulk-infrastructure
no connection at all,A · Big and blank,Viettel IDC,DC developer / operator,Pure-play data center,"Hanoi, Vietnam",Vietnam,"501-1,000",264,,,,,https://viettelidc.com.vn,https://www.linkedin.com/company/viettel-idc/,Data Centre Developer,viettel-idc
no connection at all,A · Big and blank,EcoDataCenter,DC developer / operator,Pure-play data center,Falun,Falun,51-200,257,,3,,,http://ecodatacenter.tech,https://www.linkedin.com/company/ecodatacenter/,Data Centre Developer,ecodatacenter
no connection at all,A · Big and blank,Mega Data Centers,DC developer / operator,Pure-play data center,"Modi’in-Maccabim-Re’ut, Israel",Israel,10001,256,,,,,https://www.metrocarrier.com.mx/coubicacion-data-center/,https://www.linkedin.com/company/mega-data-center/,Data Centre Developer,mega-data-centers
no connection at all,A · Big and blank,STT GDC Indonesia,DC developer / operator,Pure-play data center,Indonesia,Indonesia,,252,,,,,https://www.sttelemediagdc.com/?gad_source=1&gad_campaignid=23485058396&gbraid=0AAAABBR0tssb45v5XpAr7E8X6k1VVz33M&gclid=Cj0KCQjw4a3OBhCHARIsAChaqJOxPs1HNl_b2qvxbRuT3hrRRGTv2HUwXfabjTfmPI-L-MM7iK8jzJ0aAoR-EALw_wcB,,Data Centre Developer,stt-gdc-indonesia
no connection at all,A · Big and blank,"Eagle South, LLC",DC developer / operator,Pure-play data center,"Augusta, Georgia, United States",United States,,252,,,,,https://www.datacenterdynamics.com/en/tags/eagle-south-llc/,,Data Centre Developer,eagle-south-llc
no connection at all,A · Big and blank,Grupo ACS,DC developer / operator,Pure-play data center,Madrid,Madrid,10001,250,,,,,https://www.grupoacs.com/home/,https://www.linkedin.com/company/grupo-acs/,Data Centre Developer,grupo-acs
no connection at all,A · Big and blank,Natelli Investments LLC,DC developer / operator,Pure-play data center,"Gaithersburg, Maryland, United States",United States,,250,,,,,https://natellicommunities.com/,,Data Centre Developer,natelli-investments-llc
no connection at all,A · Big and blank,Texas Critical Data Centers,DC developer / operator,Pure-play data center,,,,250,,,,,,,Data Centre Developer,texas-critical-data-centers
no connection at all,A · Big and blank,Naver,DC developer / operator,Pure-play data center,"Seongnam, South Korea",South Korea,"1,001-5,000",229,Secondary Focus,,,,https://www.navercorp.com/naver/naverMain,https://www.linkedin.com/company/naver/,Data Centre Developer,naver
no connection at all,A · Big and blank,Macquarie Data Centres,DC developer / operator,Pure-play data center,"Sydney, New South Wales, Australia",Australia,"501-1,000",222,,,,,http://www.macquariedatacentres.com,https://www.linkedin.com/showcase/macquarie-data-centres/,Data Centre Developer,macquarie-data-centres
no connection at all,A · Big and blank,ST Telemedia Global Data Centres,DC developer / operator,Pure-play data center,"Mumbai, Maharashtra, India",India,"501-1,000",210,Primary Focus,8,,,https://www.sttelemediagdc.com/in-en/,https://www.linkedin.com/company/sttgdcindia/,Data Centre Developer,st-telemedia-global-data-centres
no connection at all,A · Big and blank,GLP,DC developer / operator,Pure-play data center,,,"1,001-5,000",188,Secondary Focus,,,,http://www.glp.com/global/,https://www.linkedin.com/company/glp-pte-ltd/,Data Centre Developer,glp
no connection at all,A · Big and blank,Mitsui Fudosan,DC developer / operator,Pure-play data center,"Tokyo, Japan",Japan,"1,001-5,000",180,Secondary Focus,,,,https://www.mitsuifudosan.co.jp/,https://www.linkedin.com/company/mitsuifudosan/,Data Centre Developer,mitsui-fudosan
no connection at all,A · Big and blank,Icade,DC developer / operator,Pure-play data center,"Paris, France",France,"1,001-5,000",170,Secondary Focus,,,,https://www.icade.fr/,https://www.linkedin.com/company/icade/,Data Centre Developer,icade
no connection at all,A · Big and blank,Panattoni,DC developer / operator + Real estate & industrial developer,Real estate / industrial,"Warszawa, Poland",Poland,"501-1,000",134,Secondary Focus,25,5,,http://www.panattonieurope.com,https://www.linkedin.com/company/panattoni-europe/,Data Centre Developer; Real Estate Developers USA,panattoni
no connection at all,A · Big and blank,Cirion,DC developer / operator,Pure-play data center,"Miami, Florida, United States",United States,"1,001-5,000",132,,13,,,https://www.ciriontechnologies.com/en/,https://www.linkedin.com/company/ciriontechnologies/,Data Centre Developer,cirion
no connection at all,A · Big and blank,SK ecoplant,DC developer / operator,Pure-play data center,"Seoul, South Korea",South Korea,"5,001-10,000",120,,,,,http://www.skecoplant.com,https://www.linkedin.com/company/sk-ecoplant/,Data Centre Developer,sk-ecoplant
no connection at all,A · Big and blank,TierPoint,DC developer / operator,Pure-play data center,"St. Louis, Missouri, United States",United States,"501-1,000",114,,1,,,http://www.tierpoint.com,https://www.linkedin.com/company/tierpoint/,Data Centre Developer,tierpoint
no connection at all,A · Big and blank,Stockland,DC developer / operator,Pure-play data center,"Sydney, New South Wales, Australia",Australia,"1,001-5,000",103,Secondary Focus,,,,https://www.stockland.com.au,https://www.linkedin.com/company/stockland/,Data Centre Developer,stockland
no connection at all,A · Big and blank,KIO Networks,DC developer / operator,Pure-play data center,,,201-500,95,,8,,,https://kiocyber.com,https://www.linkedin.com/company/kio-cyber-security/,Data Centre Developer,kio-networks
no connection at all,A · Big and blank,Penta Infra,DC developer / operator,Pure-play data center,"Amsterdam, Netherlands",Netherlands,51-200,88,,6,,,https://www.penta-infra.com,https://www.linkedin.com/company/penta-infra/,Data Centre Developer,penta-infra
no connection at all,A · Big and blank,Aruba.it,DC developer / operator,Pure-play data center,San Pietro,San Pietro,"1,001-5,000",83,,,,,https://www.aruba.it/en/home.aspx,https://www.linkedin.com/company/aruba-s-p-a-/,Data Centre Developer,aruba-it
no connection at all,A · Big and blank,Al Moammar Information Systems,DC developer / operator,Pure-play data center,Riyadh,Riyadh,"501-1,000",80,,,,,http://www.mis.com.sa,https://www.linkedin.com/company/al-moammar-information-systems/,Data Centre Developer,al-moammar-information-systems
no connection at all,A · Big and blank,Rai Way,DC developer / operator,Pure-play data center,"Rome, Italy",Italy,"501-1,000",78,,,,,www.raiway.it,https://www.linkedin.com/company/raiwayspa/,Data Centre Developer,rai-way
no connection at all,A · Big and blank,Noris Network,DC developer / operator,Pure-play data center,"Nuremberg, Bayern, Germany",Germany,"501-1,000",75,,,,,http://www.noris.de,https://www.linkedin.com/company/noris-network-ag/,Data Centre Developer,noris-network
no connection at all,A · Big and blank,Converge ICT Solutions Inc,DC developer / operator,Pure-play data center,Pasig,Pasig,"1,001-5,000",69,,,,,http://www.convergeict.com,https://www.linkedin.com/company/convergeict/?originalSubdomain=in,Data Centre Developer,converge-ict-solutions-inc
no connection at all,A · Big and blank,Telstra InfraCo,DC developer / operator,Pure-play data center,"Melbourne, Victoria, Australia",Australia,"1,001-5,000",60,Secondary Focus,,,,https://infraco.telstra.com.au/,https://www.linkedin.com/company/telstrainfraco/,Data Centre Developer,telstra-infraco
no connection at all,A · Big and blank,Zero Point DC,DC developer / operator,Pure-play data center,"Neom, Saudi Arabia",Saudi Arabia,"501-1,000",60,,,,,https://cognitive.neom.com/,https://www.linkedin.com/company/zeropointdc/,Data Centre Developer,zero-point-dc
no connection at all,A · Big and blank,Yahoo! Japan,DC developer / operator,Pure-play data center,"Chiyoda, Tokyo, Japan",Japan,"5,001-10,000",57,,,,,https://www.linkedin.com/company/lycorpjp/about/,https://www.linkedin.com/company/yahoojapan/,Data Centre Developer,yahoo-japan
no connection at all,A · Big and blank,Noovle,DC developer / operator,Pure-play data center,"Milan, Italy",Italy,"501-1,000",49,,,,,https://www.noovle.com,https://www.linkedin.com/company/noovle/,Data Centre Developer,noovle
no connection at all,A · Big and blank,Gaw Capital Partners,DC developer / operator,Pure-play data center,"Hong Kong, China",China,"1,001-5,000",45,Secondary Focus,,,,https://www.gawcapital.com/,https://www.linkedin.com/company/gaw-capital/,Data Centre Developer,gaw-capital-partners
no connection at all,A · Big and blank,Internet Initiative Japan,DC developer / operator,Pure-play data center,"Tokyo, Japan",Japan,"1,001-5,000",38,,,,,https://www.iij.ad.jp/en/,https://www.linkedin.com/company/internet-initiative-japan/,Data Centre Developer,internet-initiative-japan
no connection at all,A · Big and blank,Chinachem Group,DC developer / operator,Pure-play data center,"Hong Kong, China",China,"1,001-5,000",31,,,,,http://www.chinachemgroup.com,https://www.linkedin.com/company/chinachem-group/,Data Centre Developer,chinachem-group
no connection at all,A · Big and blank,Segra,DC developer / operator,Pure-play data center,"Charlotte, North Carolina, United States",United States,"1,001-5,000",30,,2,,,http://www.segra.com,https://www.linkedin.com/company/gosegra/,Data Centre Developer,segra
no connection at all,A · Big and blank,SenseTime,NeoCloud / AI infra,Pure-play data center,Hong Kong,Hong Kong,"5,001-10,000",30,,,,,http://www.sensetime.com,https://www.linkedin.com/company/sensetime-group-limited/,Data Centre Developer,sensetime
no connection at all,A · Big and blank,Ucloud,NeoCloud / AI infra,Pure-play data center,"Shanghai, China",China,"1,001-5,000",30,Secondary Focus,,,,https://www.ucloud-global.com/en,https://www.linkedin.com/company/ucloud/,Data Centre Developer,ucloud
no connection at all,A · Big and blank,Grupo Gtd,DC developer / operator,Pure-play data center,"Huechuraba, Chile",Chile,"1,001-5,000",28,,,,,https://www.gtd.cl/,https://www.linkedin.com/company/grupogtd/,Data Centre Developer,grupo-gtd
no connection at all,A · Big and blank,Kakao,DC developer / operator,Pure-play data center,"Jeju, South Korea",South Korea,"1,001-5,000",25,Secondary Focus,,,,https://www.kakaocorp.com,https://www.linkedin.com/company/kakaocorp/,Data Centre Developer,kakao
no connection at all,A · Big and blank,Triara,DC developer / operator,Pure-play data center,Ciudad Apodaca,Ciudad Apodaca,"501-1,000",18,,,,,http://www.triara.com,https://www.linkedin.com/company/triara-telmex/,Data Centre Developer,triara
no connection at all,A · Big and blank,Beijing Qingyun Technology Co Ltd,DC developer / operator,Pure-play data center,London,London,"1,001-5,000",18,,,,,https://www.preqin.com/data/profile/asset/beijing-qingyun-technology-co-ltd-/210800,https://www.linkedin.com/company/preqin/,Data Centre Developer,beijing-qingyun-technology-co-ltd
no connection at all,A · Big and blank,Selectel,NeoCloud / AI infra,Pure-play data center,"Saint Petersburg, Russia",Russia,"501-1,000",17,Secondary Focus,,,,http://selectel.ru,https://www.linkedin.com/company/selectel/,Data Centre Developer,selectel
no connection at all,A · Big and blank,GlobalConnect,DC developer / operator,Pure-play data center,Stockholm,Stockholm,"1,001-5,000",16,,,,,https://www.globalconnectgroup.com/,https://www.linkedin.com/company/globalconnect-a-s/,Data Centre Developer,globalconnect
no connection at all,A · Big and blank,Rackspace,DC developer / operator,Pure-play data center,"San Antonio, Texas, United States",United States,"5,001-10,000",16,,,,,https://www.rackspace.com,https://www.linkedin.com/company/rackspace-technology/,Data Centre Developer,rackspace
no connection at all,A · Big and blank,Genesis Digital Assets,NeoCloud / AI infra,Pure-play data center,"Houston, Texas",Texas,"501-1,000",16,,2,,,https://genesisdigitalassets.com/,https://www.linkedin.com/company/genesis-digital-assets/,Data Centre Developer,genesis-digital-assets
no connection at all,A · Big and blank,Digitus DC,DC developer / operator,Pure-play data center,,,"1,001-5,000",12,,,,,https://www.linkedin.com/company/digitusgroup/,https://digitusg.com/digitsus-dc/,Data Centre Developer,digitus-dc
no connection at all,A · Big and blank,IDC Vietnam,DC developer / operator,Pure-play data center,"Ho Chi Minh, Vietnam",Vietnam,"1,001-5,000",12,,,,,https://becamex.com.vn/,https://www.linkedin.com/company/becamex-idc-vietnam/,Data Centre Developer,idc-vietnam
no connection at all,A · Big and blank,Datacom Data Centres,DC developer / operator,Pure-play data center,Auckland,Auckland,"5,001-10,000",12,,,,,http://www.datacom.com/,https://www.linkedin.com/company/datacom/,Data Centre Developer,datacom-data-centres
no connection at all,A · Big and blank,Bynet Data Communications,DC developer / operator,Pure-play data center,Tel Aviv,Tel Aviv,"501-1,000",12,,,,,https://www.bynet.co.il/,https://www.linkedin.com/company/bynet/,Data Centre Developer,bynet-data-communications
no connection at all,A · Big and blank,Ascent,DC developer / operator,Pure-play data center,"London, United Kingdom",United Kingdom,"5,001-10,000",10,,,,,https://acuityanalytics.com,https://www.linkedin.com/company/ascent-/?originalSubdomain=uk,Data Centre Developer,ascent
no connection at all,A · Big and blank,Kepstar Data Centre Management,DC developer / operator,Pure-play data center,Hong Kong,Hong Kong,"1,001-5,000",10,,,,,https://beltandroad.hktdc.com/en/node/55081,https://www.linkedin.com/company/hong-kong-trade-development-council/,Data Centre Developer,kepstar-data-centre-management
no connection at all,A · Big and blank,Datamount,DC developer / operator,Pure-play data center,Muscat,Muscat,"1,001-5,000",10,,,,,http://www.datamount.om,https://www.linkedin.com/company/datamount/,Data Centre Developer,datamount
no connection at all,A · Big and blank,PAIX,DC developer / operator,Pure-play data center,"Hackensack, New Jersey, United States",United States,"501-1,000",10,,,,,www.paixservices.com,https://www.linkedin.com/company/paixservices/,Data Centre Developer,paix
no connection at all,A · Big and blank,Americold Realty Trust,Real estate & industrial developer,Real estate / industrial,"Atlanta, Georgia",Georgia,"10,001+",,,,,,https://www.americold.com,https://www.linkedin.com/company/americold/,Cold Storage & Industrial Developers,americold-realty-trust
no connection at all,A · Big and blank,Arcadis,Civil / land engineering,Construction / engineering,Amsterdam,Amsterdam,"10,001+",,,14,,,https://www.arcadis.com,https://www.linkedin.com/company/arcadis/,Civil Land Developers,arcadis
no connection at all,A · Big and blank,Arup,Civil / land engineering,Construction / engineering,London,London,"10,001+",,,17,,,https://www.arup.com,https://www.linkedin.com/company/arup/,Civil Land Developers,arup
no connection at all,A · Big and blank,Basin Electric Power Cooperative,Energy developer / utility,Energy / utility,"Bismarck, North Dakota",North Dakota,"1,001-5,000",,,,,,https://www.basinelectric.com,https://www.linkedin.com/company/basin-electric-power-cooperative/,Energy Developer,basin-electric-power-cooperative
no connection at all,A · Big and blank,Benesch,Civil / land engineering,Construction / engineering,"Chicago, Illinois",Illinois,"1,001 to 5,000",,,2,,,https://www.benesch.com,https://www.linkedin.com/company/benesch/,Civil Land Developers,benesch
no connection at all,A · Big and blank,"BGE, Inc",Civil / land engineering,Construction / engineering,"Houston, Texas",Texas,"1,001 to 5,000",,,,,,https://www.bgeinc.com,https://www.linkedin.com/company/bgeinc/,Civil Land Developers,bge-inc
no connection at all,A · Big and blank,Big Red Dog Engineering,Civil / land engineering,Construction / engineering,"Austin, Texas",Texas,"501 to 1,000",,,,,,http://BIGREDDOG.com,https://www.linkedin.com/company/big-red-dog-engineering-consulting/,Civil Land Developers,big-red-dog-engineering
no connection at all,A · Big and blank,BKF Engineers,Civil / land engineering,Construction / engineering,"Oakland, California",California,"501 to 1,000",,,35,,,https://www.bkf.com,https://www.linkedin.com/company/bkf-engineers/,Civil Land Developers,bkf-engineers
no connection at all,A · Big and blank,Black & Veatch,Civil / land engineering + General contractor,Construction / engineering,"Overland Park, Kansas",Kansas,"10,001+",,,55,,,https://www.bv.com,https://www.linkedin.com/company/black-and-veatch/,Civil Land Developers; General Contractors USA,black-veatch
no connection at all,A · Big and blank,Boralex,Energy developer / utility,Energy / utility,Kingsey Falls,Kingsey Falls,"501-1,000",,,1,,,https://www.boralex.com,https://www.linkedin.com/company/boralex/,Energy Developer,boralex
no connection at all,A · Big and blank,Bowman,Civil / land engineering,Construction / engineering,"Reston, Virginia",Virginia,"1,001 to 5,000",,,,,,https://bowman.com,https://www.linkedin.com/company/bowman-consulting/,Civil Land Developers,bowman
no connection at all,A · Big and blank,Brookfield Properties,Real estate & industrial developer,Real estate / industrial,"New York, New York",New York,"1,001-5,000",,,55,,,https://www.brookfieldproperties.com,https://www.linkedin.com/company/brookfield-properties/,Real Estate Developers USA,brookfield-properties
no connection at all,A · Big and blank,Burris Logistics,Real estate & industrial developer,Real estate / industrial,"Milford, Delaware",Delaware,"1,001-5,000",,,,,,https://www.burrislogistics.com,https://www.linkedin.com/company/burris-logistics/,Cold Storage & Industrial Developers,burris-logistics
no connection at all,A · Big and blank,CDM Smith,Civil / land engineering + General contractor,Construction / engineering,"Boston, Massachusetts",Massachusetts,"5,001 to 10,000",,,16,,,https://www.cdmsmith.com,https://www.linkedin.com/company/cdmsmith/,Civil Land Developers; General Contractors USA,cdm-smith
no connection at all,A · Big and blank,Civil & Environmental Consultants (CEC),Civil / land engineering,Construction / engineering,"Pittsburgh, Pennsylvania",Pennsylvania,"1,001 to 5,000",,,,,,https://www.cecinc.com,https://www.linkedin.com/company/civil-environmental-consultants/,Civil Land Developers,civil-environmental-consultants
no connection at all,A · Big and blank,Colorado Springs Utilities,Energy developer / utility,Energy / utility,"Colorado Springs, Colorado",Colorado,"1,001-5,000",,,6,,,https://www.csu.org,https://www.linkedin.com/company/colorado-springs-utilities/,Energy Developer,colorado-springs-utilities
no connection at all,A · Big and blank,Corgan,Civil / land engineering,Construction / engineering,"Dallas, Texas",Texas,"501 to 1,000",,,,,,https://www.corgan.com,https://www.linkedin.com/company/corgan/,Civil Land Developers,corgan
no connection at all,A · Big and blank,Cursor (Anysphere),NeoCloud / AI infra,Pure-play data center,"San Francisco, California, United States",United States,"501-1,000",,,,,,https://cursor.com/,https://www.linkedin.com/company/cursorai/,Data Centre Developer,cursor
no connection at all,A · Big and blank,Dewberry,Civil / land engineering,Construction / engineering,"Fairfax, Virginia",Virginia,"1,001 to 5,000",,,45,,,https://www.dewberry.com,https://www.linkedin.com/company/dewberry/,Civil Land Developers,dewberry
no connection at all,A · Big and blank,DLR Group,Civil / land engineering,Construction / engineering,"Omaha, Nebraska",Nebraska,"1,001 to 5,000",,,,,,https://www.dlrgroup.com,https://www.linkedin.com/company/dlr-group/,Civil Land Developers,dlr-group
no connection at all,A · Big and blank,Dream Unlimited,Real estate & industrial developer,Real estate / industrial,"Toronto, Ontario",Ontario,"501-1,000",,,,,,https://www.dream.ca,https://www.linkedin.com/company/dream-unlimited/,Real Estate Developers USA,dream-unlimited
no connection at all,A · Big and blank,Dynalectric,Civil / land engineering,Construction / engineering,"San Diego, California",California,"1,001 to 5,000",,,,,,https://www.dynalectric.com,https://www.linkedin.com/company/dynalectric/,Civil Land Developers,dynalectric
no connection at all,A · Big and blank,ECS Mid-Atlantic,Civil / land engineering,Construction / engineering,"Fairfax, Virginia",Virginia,"1,001 to 5,000",,,,,,https://www.ecslimited.com,https://www.linkedin.com/company/ecs-limited/,Civil Land Developers,ecs-mid-atlantic
no connection at all,A · Big and blank,EDF Renewables,Energy developer / utility,Energy / utility,"San Diego, California",California,"501-1,000",,,20,,,https://www.edf-re.com,https://www.linkedin.com/company/edf-renewables-north-america/,Energy Developer,edf-renewables
no connection at all,A · Big and blank,First Solar,Energy developer / utility,Energy / utility,"Tempe, Arizona",Arizona,"5,001-10,000",,,3,,,https://www.firstsolar.com,https://www.linkedin.com/company/first-solar/,Energy Developer,first-solar
no connection at all,A · Big and blank,Flintco,General contractor + Real estate & industrial developer,Real estate / industrial,"Tulsa, Oklahoma",Oklahoma,"1,001-5,000",,,5,,,https://www.flintco.com,https://www.linkedin.com/company/flintco/,Cold Storage & Industrial Developers; General Contractors USA,flintco
no connection at all,A · Big and blank,Freese and Nichols,Civil / land engineering,Construction / engineering,"Fort Worth, Texas",Texas,"1,001 to 5,000",,,,,,https://www.freese.com,https://www.linkedin.com/company/freese-and-nichols/,Civil Land Developers,freese-and-nichols
no connection at all,A · Big and blank,Garver,Civil / land engineering,Construction / engineering,"North Little Rock, Arkansas",Arkansas,"1,001 to 5,000",,,1,,,https://www.garverusa.com,https://www.linkedin.com/company/garverusa/,Civil Land Developers,garver
no connection at all,A · Big and blank,"GPI (Greenman-Pedersen, Inc.)",Civil / land engineering,Construction / engineering,"Babylon, New York",New York,"1,001 to 5,000",,,,,,www.gpinet.com,https://www.linkedin.com/company/greenman-pedersen-inc-/,Civil Land Developers,gpi
no connection at all,A · Big and blank,Greystar,Real estate & industrial developer,Real estate / industrial,"Charleston, South Carolina",South Carolina,"10,001+",,,66,,,https://www.greystar.com,https://www.linkedin.com/company/greystar-real-estate-partners/,Real Estate Developers USA,greystar
no connection at all,A · Big and blank,Halff,Civil / land engineering,Construction / engineering,"Richardson, Texas",Texas,"1,001 to 5,000",,,27,,,https://www.halff.com,https://www.linkedin.com/company/halff/,Civil Land Developers,halff
no connection at all,A · Big and blank,Harvey AI,NeoCloud / AI infra,Pure-play data center,"San Francisco, California, United States",United States,"501-1,000",,,,,,https://www.harvey.ai/,https://www.linkedin.com/company/harvey-ai/,Data Centre Developer,harvey-ai
no connection at all,A · Big and blank,Henderson Engineers,Civil / land engineering,Construction / engineering,"Lenexa, Kansas",Kansas,"1,001 to 5,000",,,,,,https://www.hendersonengineers.com,https://www.linkedin.com/company/henderson-engineers/,Civil Land Developers,henderson-engineers
no connection at all,A · Big and blank,HNTB,Civil / land engineering,Construction / engineering,"Kansas City, Missouri",Missouri,"5,001 to 10,000",,,7,,,https://www.hntb.com,https://www.linkedin.com/company/hntb/,Civil Land Developers,hntb
no connection at all,A · Big and blank,Hunt Companies,Real estate & industrial developer,Real estate / industrial,"El Paso, Texas",Texas,"1,001-5,000",,,,,,https://www.hunt.com,https://www.linkedin.com/company/hunt-companies/,Real Estate Developers USA,hunt-companies
no connection at all,A · Big and blank,Ivanhoe Cambridge,Real estate & industrial developer,Real estate / industrial,"Montreal, Quebec",Quebec,"1,001-5,000",,,,,,https://www.ivanhoecambridge.com,https://www.linkedin.com/company/ivanhoe-cambridge/,Real Estate Developers USA,ivanhoe-cambridge
no connection at all,A · Big and blank,"Johnson, Mirmiran & Thompson",Civil / land engineering,Construction / engineering,"Sparks, Maryland",Maryland,"1,001 to 5,000",,,1,,,https://www.jmt.com,https://www.linkedin.com/company/johnson-mirmiran-&-thompson/,Civil Land Developers,johnson-mirmiran-thompson
no connection at all,A · Big and blank,Jones & Carter,Civil / land engineering,Construction / engineering,"Bellarie, Texas",Texas,"501 to 1,000",,,,,,https://www.jonescarter.com,https://www.linkedin.com/company/jonescarter/,Civil Land Developers,jones-carter
no connection at all,A · Big and blank,Kitchell,Civil / land engineering + General contractor,Construction / engineering,"Phoenix, Arizona",Arizona,"1,001 to 5,000",,,3,,,https://www.kitchell.com,https://www.linkedin.com/company/kitchell/,Civil Land Developers; General Contractors USA,kitchell
no connection at all,A · Big and blank,Kleinfelder,Civil / land engineering,Construction / engineering,"San Diego, California",California,"1,001 to 5,000",,,4,,,https://www.kleinfelder.com,https://www.linkedin.com/company/kleinfelder/,Civil Land Developers,kleinfelder
no connection at all,A · Big and blank,KPFF Consulting Engineers,Civil / land engineering + General contractor,Construction / engineering,"Seattle, Washington",Washington,"501 to 1,000",,,,,,https://www.kpff.com,https://www.linkedin.com/company/kpff-consulting-engineers/,Civil Land Developers; General Contractors USA,kpff-consulting-engineers
no connection at all,A · Big and blank,Lightstone,DC developer / operator,Pure-play data center,"New York, NY",NY,"501-1,000",,,,,,https://www.lightstonegroup.com/,https://www.linkedin.com/company/lightstone-group/,Data Centre Developer,lightstone
no connection at all,A · Big and blank,Lineage Logistics,Real estate & industrial developer,Real estate / industrial,"Novi, Michigan",Michigan,"10,001+",,,,,,https://www.lineagelogistics.com,https://www.linkedin.com/company/lineage-logistics/,Cold Storage & Industrial Developers,lineage-logistics
no connection at all,A · Big and blank,Link Logistics,Real estate & industrial developer,Real estate / industrial,"New York, New York",New York,"501-1,000",,,38,1,,https://www.linklogistics.com,https://www.linkedin.com/company/link-logistics-real-estate/,Real Estate Developers USA,link-logistics
no connection at all,A · Big and blank,LJA Engineering,Civil / land engineering,Construction / engineering,"Houston, Texas",Texas,"1,001 to 5,000",,,,,,https://www.lja.com,https://www.linkedin.com/company/lja-engineering-inc/,Civil Land Developers,lja-engineering
no connection at all,A · Big and blank,Michael Baker International,Civil / land engineering + General contractor,Construction / engineering,"Pittsburgh, Pennsylvania",Pennsylvania,"5,001 to 10,000",,,30,,,https://mbakerintl.com,https://www.linkedin.com/company/michael-baker-corporation/,Civil Land Developers; General Contractors USA,michael-baker-international
no connection at all,A · Big and blank,NewCold,Real estate & industrial developer,Real estate / industrial,"Eindhoven, Netherlands",Netherlands,"1,001-5,000",,,,,,https://www.newcold.com,https://www.linkedin.com/company/newcold/,Cold Storage & Industrial Developers,newcold
no connection at all,A · Big and blank,NextEra Energy Resources,DC developer / operator + Energy developer / utility,Energy / utility,"Juno Beach, Florida",Florida,"10,001+",,,78,,,https://www.nexteraenergyresources.com,https://www.linkedin.com/company/nextera-energy-resources/,Energy Developer,nextera-energy-resources
no connection at all,A · Big and blank,Olsson,Civil / land engineering,Construction / engineering,"Lincoln, Nebraska",Nebraska,"1,001 to 5,000",,,29,,,https://www.olsson.com,https://www.linkedin.com/company/weareolsson/,Civil Land Developers,olsson
no connection at all,A · Big and blank,Oxford Properties Group,Real estate & industrial developer,Real estate / industrial,"Toronto, Ontario",Ontario,"1,001-5,000",,,1,,,https://www.oxfordproperties.com,https://www.linkedin.com/company/oxford-properties-group/,Real Estate Developers USA,oxford-properties-group
no connection at all,A · Big and blank,Pattern Energy,Energy developer / utility,Energy / utility,"San Francisco, California",California,"501-1,000",,,14,,,https://www.patternenergy.com,https://www.linkedin.com/company/pattern-energy/,Energy Developer,pattern-energy
no connection at all,A · Big and blank,Pennoni Associates,Civil / land engineering,Construction / engineering,"Philadelphia, Pennsylvania",Pennsylvania,"1,001 to 5,000",,,1,,,https://www.pennoni.com,https://www.linkedin.com/company/pennoni/,Civil Land Developers,pennoni-associates
no connection at all,A · Big and blank,Pond & Company,Civil / land engineering,Construction / engineering,"Peachtree Corners, Georgia",Georgia,"501 to 1,000",,,2,,,https://www.pondco.com,https://www.linkedin.com/company/pond-and-company/,Civil Land Developers,pond-company
no connection at all,A · Big and blank,Quiddity,Civil / land engineering,Construction / engineering,"Houston, Texas",Texas,"501 to 1,000",,,25,,,https://quiddity.com,https://www.linkedin.com/company/quiddity-engineering/,Civil Land Developers,quiddity
no connection at all,A · Big and blank,RES,Energy developer / utility,Energy / utility,"Broomfield, Colorado",Colorado,"1,001-5,000",,,16,,,https://www.res-group.com,https://www.linkedin.com/company/res-group/,Energy Developer,res
no connection at all,A · Big and blank,RS&H,Civil / land engineering,Construction / engineering,"Jacksonville, Florida",Florida,"1,001 to 5,000",,,2,,,https://www.rsandh.com,https://www.linkedin.com/company/rs-h/,Civil Land Developers,rs-h
no connection at all,A · Big and blank,Smith Group,Civil / land engineering,Construction / engineering,"Detroit, Michigan",Michigan,"1,001 to 5,000",,,1,,,https://www.smithgroup.com,https://www.linkedin.com/company/smithgroup/,Civil Land Developers,smith-group
no connection at all,A · Big and blank,Southland Industries,Civil / land engineering,Construction / engineering,"Garden Grove, California",California,"5,001 to 10,000",,,2,,,https://www.southlandind.com,https://www.linkedin.com/company/southland-industries/,Civil Land Developers,southland-industries
no connection at all,A · Big and blank,Stantec,Civil / land engineering,Construction / engineering,Edmonton,Edmonton,"10,001+",,,30,,,https://www.stantec.com,https://www.linkedin.com/company/stantec/,Civil Land Developers,stantec
no connection at all,A · Big and blank,STV,Civil / land engineering,Construction / engineering,New York,New York,"1,001 to 5,000",,,4,,,https://www.stvinc.com,https://www.linkedin.com/company/stv/,Civil Land Developers,stv
no connection at all,A · Big and blank,TD Industries,Civil / land engineering,Construction / engineering,"Dallas, Texas",Texas,"1,001 to 5,000",,,2,,,https://www.tdindustries.com,https://www.linkedin.com/company/td-industries/,Civil Land Developers,td-industries
no connection at all,A · Big and blank,Terracon Consultants,Civil / land engineering,Construction / engineering,"Olathe, Kansas",Kansas,"1,001 to 5,000",,,,,,https://www.terracon.com,https://www.linkedin.com/company/terracon/,Civil Land Developers,terracon-consultants
no connection at all,A · Big and blank,TerraSmart,Energy developer / utility,Energy / utility,"Fort Myers, Florida",Florida,"501-1,000",,,,,,https://www.terrasmart.com,https://www.linkedin.com/company/terrasmart/,Energy Developer,terrasmart
no connection at all,A · Big and blank,Tetra Tech,Civil / land engineering,Construction / engineering,"Pasadena, California",California,"10,001+",,,20,,,https://www.tetratech.com,https://www.linkedin.com/company/tetra-tech/,Civil Land Developers,tetra-tech
no connection at all,A · Big and blank,The Opus Group,Real estate & industrial developer,Real estate / industrial,"Minnetonka, Minnesota",Minnesota,"501-1,000",,,10,,,https://www.opuscorp.com,https://www.linkedin.com/company/the-opus-group/,Real Estate Developers USA,the-opus-group
no connection at all,A · Big and blank,Thornton Tomasetti,Civil / land engineering,Construction / engineering,New York,New York,"1,001 to 5,000",,,,,,https://www.thorntontomasetti.com,https://www.linkedin.com/company/thornton-tomasetti/,Civil Land Developers,thornton-tomasetti
no connection at all,A · Big and blank,Trammell Crow Company,Real estate & industrial developer,Real estate / industrial,"Dallas, Texas",Texas,"1,001-5,000",,,41,,,https://www.trammellcrow.com,https://www.linkedin.com/company/trammell-crow-company/,Real Estate Developers USA,trammell-crow-company
no connection at all,A · Big and blank,Transwestern Development,Real estate & industrial developer,Real estate / industrial,"Houston, Texas",Texas,"1,001-5,000",,,,,,https://www.transwestern.com,https://www.linkedin.com/company/transwestern/,Real Estate Developers USA,transwestern-development
no connection at all,A · Big and blank,Tri-State Generation and Transmission Association,Energy developer / utility,Energy / utility,"Westminster, Colorado",Colorado,"1,001-5,000",,,,,,https://www.tristate.coop,https://www.linkedin.com/company/tri-state-g-t/,Energy Developer,tri-state-generation-and-transmission-association
no connection at all,A · Big and blank,United States Cold Storage (USCS),Real estate & industrial developer,Real estate / industrial,"Cherry Hill, New Jersey",New Jersey,"1,001-5,000",,,,,,https://www.uscold.com,https://www.linkedin.com/company/united-states-cold-storage/,Cold Storage & Industrial Developers,united-states-cold-storage
no connection at all,A · Big and blank,University Mechanical Contractors (UMC),Civil / land engineering,Construction / engineering,"Mukilteo, Washington",Washington,"1,001 to 5,000",,,,,,https://www.umci.com,https://www.linkedin.com/company/umc-inc/,Civil Land Developers,university-mechanical-contractors
no connection at all,A · Big and blank,Verdantas,Civil / land engineering,Construction / engineering,"Dublin, Ohio",Ohio,"1,001 to 5,000",,,,,,https://www.verdantas.com,https://www.linkedin.com/company/verdantas/,Civil Land Developers,verdantas
no connection at all,A · Big and blank,VersaCold Logistics Services,Real estate & industrial developer,Real estate / industrial,"Vancouver, British Columbia",British Columbia,"1,001-5,000",,,,,,https://www.versacold.com,https://www.linkedin.com/company/versacold/,Cold Storage & Industrial Developers,versacold-logistics-services
no connection at all,A · Big and blank,Walter P Moore,Civil / land engineering,Construction / engineering,"Houston, Texas",Texas,"501 to 1,000",,,,,,https://www.walterpmoore.com,https://www.linkedin.com/company/walter-p-moore/,Civil Land Developers,walter-p-moore
no connection at all,A · Big and blank,Webcor,General contractor + Civil / land engineering,Construction / engineering,"San Mateo, California",California,"1,001 to 5,000",,,4,,,https://www.webcor.com,https://www.linkedin.com/company/webcor/,General Contractors USA; Civil Land Developers,webcor
no connection at all,A · Big and blank,Western Area Power Administration,Energy developer / utility,Energy / utility,"Lakewood, Colorado",Colorado,"1,001-5,000",,,4,,,https://www.wapa.gov,https://www.linkedin.com/company/western-area-power-administration/,Energy Developer,western-area-power-administration
no connection at all,A · Big and blank,Westwood Professional Services,Civil / land engineering,Construction / engineering,"Plano, Texas",Texas,"1,001 to 5,000",,,35,,,https://www.westwoodps.com,https://www.linkedin.com/company/westwood-professional-services/,Civil Land Developers,westwood-professional-services
no connection at all,A · Big and blank,WSP,Civil / land engineering + General contractor,Construction / engineering,New York,New York,"10,001+",,,25,,,https://www.wsp.com,https://www.linkedin.com/company/wsp/,Civil Land Developers; General Contractors USA,wsp
no connection at all,B · Worth a look,Fermaca,DC developer / operator,Pure-play data center,,,,250,,,,,,,Data Centre Developer,fermaca
no connection at all,B · Worth a look,Convergent VA LLC,DC developer / operator,Pure-play data center,,,,240,,,,,,,Data Centre Developer,convergent-va-llc
no connection at all,B · Worth a look,DataGrid,DC developer / operator,Pure-play data center,,,,240,Secondary Focus,,,,,,Data Centre Developer,datagrid
no connection at all,B · Worth a look,NeutraDC,DC developer / operator,Pure-play data center,"Tangerang Selatan, Indonesia",Indonesia,201-500,232,,,,,https://neutradc.com/,https://www.linkedin.com/company/neutradc/,Data Centre Developer,neutradc
no connection at all,B · Worth a look,CR1/Culpeper LLC and CR2/Culpeper LLC,DC developer / operator,Pure-play data center,,,,230,,,,,,,Data Centre Developer,cr1-culpeper-llc-and-cr2-culpeper-llc
no connection at all,B · Worth a look,NorthPoint Development,DC developer / operator + Real estate & industrial developer,Real estate / industrial,"Kansas, Missouri, United States",United States,201-500,230,,1,,,http://www.BeyondTheContract.com,https://www.linkedin.com/company/northpoint-development/,Cold Storage & Industrial Developers; Data Centre Developer; Real Estate Developers USA,northpoint-development
no connection at all,B · Worth a look,Shenandoah Computing LLC,DC developer / operator,Pure-play data center,"Shanghai, China",China,,230,,,,,https://www.datacenterdynamics.com/en/tags/shenandoah-computing-llc/,,Data Centre Developer,shenandoah-computing-llc
no connection at all,B · Worth a look,Tecto,DC developer / operator,Pure-play data center,Brazil,Brazil,51-200,225,,4,,,www.tecto.com,https://www.linkedin.com/company/tecto-datacenters/,Data Centre Developer,tecto
no connection at all,B · Worth a look,Aofei Data Technology,DC developer / operator,Pure-play data center,,,,220,,,,,https://www.aofidc.com/,,Data Centre Developer,aofei-data-technology
no connection at all,B · Worth a look,Scale42,DC developer / operator,Pure-play data center,"Horsham, United Kingdom",United Kingdom,1 to 10,220,Primary Focus,,,,https://www.scale-42.com,https://www.linkedin.com/company/scale42/,Data Centre Developer,scale42
no connection at all,B · Worth a look,Grupo SAMCA,DC developer / operator,Pure-play data center,,,,216,,,,,,,Data Centre Developer,grupo-samca
no connection at all,B · Worth a look,Atlas Capital Group,DC developer / operator,Pure-play data center,"New York, United States",United States,51-200,209,,,,,www.atlas-cap.com,https://www.linkedin.com/company/atlascapitalgroupllc/,Data Centre Developer,atlas-capital-group
no connection at all,B · Worth a look,Range Technology,DC developer / operator,Pure-play data center,"Los Gatos, California, United States",United States,1 to 10,205,,,,,http://www.rangetechnology.com,https://www.linkedin.com/company/range-technology/,Data Centre Developer,range-technology
no connection at all,B · Worth a look,PDC Realty LLC,DC developer / operator,Pure-play data center,"Chicago, Illinois, United States",United States,,204,,,,,https://www.pdccompanies.com/,,Data Centre Developer,pdc-realty-llc
no connection at all,B · Worth a look,DC-Science,DC developer / operator,Pure-play data center,,,,202,,,,,,,Data Centre Developer,dc-science
no connection at all,B · Worth a look,Alto Infrastructure (Sierra DC),DC developer / operator,Pure-play data center,"Barcelona, Spain",Spain,11 to 50,200,,,,,https://sierra-dc.com/,https://www.linkedin.com/company/sierradc/,Data Centre Developer,alto-infrastructure
no connection at all,B · Worth a look,Anant Raj Cloud,DC developer / operator,Pure-play data center,New Delhi,New Delhi,201-500,200,,,,,www.anantrajcloud.com,https://www.linkedin.com/company/anantraj-cloud/,Data Centre Developer,anant-raj-cloud
no connection at all,B · Worth a look,Anchorstone Advisors SOVA,DC developer / operator,Pure-play data center,"London, United Kingdom",United Kingdom,51-200,200,,,,,https://www.datacenterdynamics.com/en/tags/anchorstone-advisors-sova/,https://www.linkedin.com/company/datacenterdynamics/,Data Centre Developer,anchorstone-advisors-sova
no connection at all,B · Worth a look,Duos Edge AI,NeoCloud / AI infra,Pure-play data center,"Jacksonvlle, Florida",Florida,11 to 50,200,,,,,https://duosedge.ai/,https://www.linkedin.com/company/duos-edge-ai/,Data Centre Developer,duos-edge-ai
no connection at all,B · Worth a look,Gibo,DC developer / operator,Pure-play data center,,,,200,,,,,,,Data Centre Developer,gibo
no connection at all,B · Worth a look,Green Data City,DC developer / operator,Pure-play data center,Salalah,Salalah,11 to 50,200,,,,,https://www.greendatacity.com/,https://www.linkedin.com/company/green-data-city/,Data Centre Developer,green-data-city
no connection at all,B · Worth a look,OMNIA,DC developer / operator,Pure-play data center,"Dubai, United Arab Emirates",United Arab Emirates,51-200,200,,2,,,https://www.omnia.ae,https://www.linkedin.com/company/omnia/,Data Centre Developer,omnia
no connection at all,B · Worth a look,Solano,DC developer / operator,Pure-play data center,"San Francisco, California, United States",United States,,200,,,,,https://solana.com/,,Data Centre Developer,solano
no connection at all,B · Worth a look,TM Nxera,DC developer / operator,Pure-play data center,"Iskandar Puteri, Johor, Malaysia",Malaysia,11 to 50,200,Secondary Focus,,,,https://www.tmnxera.com/home,https://www.linkedin.com/company/tmnxera/?originalSubdomain=my,Data Centre Developer,tm-nxera
no connection at all,B · Worth a look,AmpTank,DC developer / operator,Pure-play data center,Finland,Finland,10001,198,,,,,https://amptank.energy/,,Data Centre Developer,amptank
no connection at all,B · Worth a look,Mulberry Commercial Developments II Ltd,DC developer / operator,Pure-play data center,,,,192,,,,,,,Data Centre Developer,mulberry-commercial-developments-ii-ltd
no connection at all,B · Worth a look,PowerTransitions,DC developer / operator,Pure-play data center,"Houston, Texas, United States",United States,11 to 50,192,,,,,https://www.power-transitions.com/,https://www.linkedin.com/company/powertransitions/,Data Centre Developer,powertransitions
no connection at all,B · Worth a look,Hotwon Group,DC developer / operator,Pure-play data center,,,,191,,,,,,,Data Centre Developer,hotwon-group
no connection at all,B · Worth a look,Thylander,DC developer / operator,Pure-play data center,"Copenhagen, Denmark",Denmark,1 to 10,190,,,,,https://thylander.dk/,https://www.linkedin.com/company/thylander-data-centers/,Data Centre Developer,thylander
no connection at all,B · Worth a look,"SpotsyTechnoCampus, LLC",DC developer / operator,Pure-play data center,"Spotsylvania, Virginia, United States",United States,,189,,,,,https://www.spotsytech.com/,,Data Centre Developer,spotsytechnocampus-llc
no connection at all,B · Worth a look,Chayora,DC developer / operator,Pure-play data center,"Hong Kong, China",China,11 to 50,186,Primary Focus,,,,https://www.chayora.com,https://www.linkedin.com/company/chayora/,Data Centre Developer,chayora
no connection at all,B · Worth a look,SKYY Development,DC developer / operator,Pure-play data center,"Tokyo, Japan",Japan,11 to 50,185,,1,,,,https://www.linkedin.com/company/skyydevelopment/,Data Centre Developer,skyy-development
no connection at all,B · Worth a look,L&T Cloudfiniti,DC developer / operator,Pure-play data center,"Mumbai, Maharashtra, India",India,51-200,182,,,,,https://lntcloudfiniti.com/,https://www.linkedin.com/company/larsentoubrovyoma/,Data Centre Developer,l-t-cloudfiniti
no connection at all,B · Worth a look,Decennial Group,DC developer / operator,Pure-play data center,"Chicago, Illinois, United States",United States,1 to 10,180,,,,,http://www.decennialgroup.com,https://www.linkedin.com/company/decennial-group/,Data Centre Developer,decennial-group
no connection at all,B · Worth a look,Lumina,DC developer / operator,Pure-play data center,"Halethorpe, Maryland, United States",United States,51-200,180,,,,,https://linktr.ee/lumina_solar,https://www.linkedin.com/company/lumina-solar/,Data Centre Developer,lumina
no connection at all,B · Worth a look,PBA Holdings,DC developer / operator,Pure-play data center,,,,176,,,,,,,Data Centre Developer,pba-holdings
no connection at all,B · Worth a look,Digital Halo,DC developer / operator,Pure-play data center,,,11 to 50,175,,,,,www.digital-halo.net,https://www.linkedin.com/company/digital-halo/,Data Centre Developer,digital-halo
no connection at all,B · Worth a look,Project West WHP - GA LLC,DC developer / operator,Pure-play data center,,,,175,,,,,,,Data Centre Developer,project-west-whp-ga-llc
no connection at all,B · Worth a look,Africa Data Centres,DC developer / operator,Pure-play data center,Johannesburg,Johannesburg,201-500,175,,1,,,http://africadatacentres.com/,https://www.linkedin.com/company/africadatacentres/,Data Centre Developer,africa-data-centres
no connection at all,B · Worth a look,eStruxture,DC developer / operator,Pure-play data center,"Montreal, Canada",Canada,51-200,170,,2,,,https://www.estruxture.com/,https://www.linkedin.com/company/estruxture/,Data Centre Developer,estruxture
no connection at all,B · Worth a look,Epoch Digital,DC developer / operator,Pure-play data center,,,51-200,170,Primary Focus,,,,https://www.epochdigital.org/,https://www.linkedin.com/company/epochdigitalorg/,Data Centre Developer,epoch-digital
no connection at all,B · Worth a look,Bitzero,NeoCloud / AI infra,Pure-play data center,"Vancouver, Canada",Canada,,169,,,,,https://bitzero.com/,,Data Centre Developer,bitzero
no connection at all,B · Worth a look,Spalding Investments LLC,DC developer / operator,Pure-play data center,,,,166,,,,,,,Data Centre Developer,spalding-investments-llc
no connection at all,B · Worth a look,STT Global Data Centres Thailand,DC developer / operator,Pure-play data center,,,,166,,,,,,,Data Centre Developer,stt-global-data-centres-thailand
no connection at all,B · Worth a look,ePLDT,DC developer / operator,Pure-play data center,,,,165,,,,,,,Data Centre Developer,epldt
no connection at all,B · Worth a look,Universal Planning LLC,DC developer / operator,Pure-play data center,,,,163,,,,,,,Data Centre Developer,universal-planning-llc
no connection at all,B · Worth a look,Alfanar Global Development,DC developer / operator,Pure-play data center,,,,160,,,,,,,Data Centre Developer,alfanar-global-development
no connection at all,B · Worth a look,Galaxy Peak Data Center,DC developer / operator,Pure-play data center,,,,160,,,,,https://www.galaxypeak.com,,Data Centre Developer,galaxy-peak-data-center
no connection at all,B · Worth a look,SNC Data Hills,DC developer / operator,Pure-play data center,,,,160,,,,,,,Data Centre Developer,snc-data-hills
no connection at all,B · Worth a look,DataNovaX,DC developer / operator,Pure-play data center,"Wichita Falls, Texas, United States",United States,1 to 10,156,,,,,https://datanovax.com/,https://www.linkedin.com/company/datanovax/,Data Centre Developer,datanovax
no connection at all,B · Worth a look,Hoyinn Technologies,DC developer / operator,Pure-play data center,"Beijing, China",China,,150,,,,,https://www.hoyinn.com/en/index.html,,Data Centre Developer,hoyinn-technologies
no connection at all,B · Worth a look,PPG PP Grid,DC developer / operator,Pure-play data center,,,,150,,,,,,,Data Centre Developer,ppg-pp-grid
no connection at all,B · Worth a look,STT GDC The Philippines,DC developer / operator,Pure-play data center,,,,148,,,,,,,Data Centre Developer,stt-gdc-the-philippines
no connection at all,B · Worth a look,AT TOKYO,DC developer / operator,Pure-play data center,,,201-500,146,,,,,https://www.attokyo.com/,https://www.linkedin.com/company/-tokyo/,Data Centre Developer,at-tokyo
no connection at all,B · Worth a look,BW Digital,DC developer / operator,Pure-play data center,Auckland,Auckland,11 to 50,144,Primary Focus,,,,https://www.bw-digital.com/,https://www.linkedin.com/company/bw-digital-ltd/,Data Centre Developer,bw-digital
no connection at all,B · Worth a look,EngineNode,DC developer / operator,Pure-play data center,,,,144,,,,,,,Data Centre Developer,enginenode
no connection at all,B · Worth a look,Tritax,DC developer / operator,Pure-play data center,"London, United Kingdom",United Kingdom,51-200,144,Secondary Focus,,,,http://www.tritax.co.uk/,https://www.linkedin.com/company/tritax-group/,Data Centre Developer,tritax
no connection at all,B · Worth a look,Open DC,DC developer / operator,Pure-play data center,"Putrajaya, Malaysia",Malaysia,51-200,143,,,,,http://www.opendc.my,https://www.linkedin.com/company/open-dc-sdn-bhd/,Data Centre Developer,open-dc
no connection at all,B · Worth a look,GI Partners,DC developer / operator,Pure-play data center,United States,United States,,140,Secondary Focus,1,,,http://www.gipartners.com,https://www.linkedin.com/company/gi-partners/,Data Centre Developer,gi-partners
no connection at all,B · Worth a look,Turning Point Real Estate,DC developer / operator,Pure-play data center,"Frederick, Maryland, United States",United States,1 to 10,140,,,,,http://www.TurningPointRealEstate.com,https://www.linkedin.com/company/turning-point-real-estate/,Data Centre Developer,turning-point-real-estate
no connection at all,B · Worth a look,STT GDC Malaysia,DC developer / operator,Pure-play data center,,,,137,,,,,,,Data Centre Developer,stt-gdc-malaysia
no connection at all,B · Worth a look,SAMX,DC developer / operator,Pure-play data center,"Cairo, Egypt",Egypt,1 to 10,135,,,,,,https://www.linkedin.com/company/samxeg/,Data Centre Developer,samx
no connection at all,B · Worth a look,Leuk Teleport & Data Centre AG,DC developer / operator,Pure-play data center,"Leuk, Switzerland",Switzerland,11 to 50,134,,,,,https://leuk-tdc.com/,https://www.linkedin.com/company/leuk-tdc/,Data Centre Developer,leuk-teleport-data-centre-ag
no connection at all,B · Worth a look,evroc,DC developer / operator,Pure-play data center,,,,132,,,,,,,Data Centre Developer,evroc
no connection at all,B · Worth a look,Portland Trust,DC developer / operator,Pure-play data center,"Prague, Czech Republic",Czech Republic,11 to 50,129,,,,,http://www.portlandtrust.cz,https://www.linkedin.com/company/portlandtrust/,Data Centre Developer,portland-trust
no connection at all,B · Worth a look,Rostelecom Data Centers,DC developer / operator,Pure-play data center,"Moscow, Russia",Russia,51-200,126,,,,,http://www.rtk-dc.ru,https://www.linkedin.com/company/rostelecom-data-centres/,Data Centre Developer,rostelecom-data-centers
no connection at all,B · Worth a look,Franks Investment Co. LLC,DC developer / operator,Pure-play data center,,,201-500,122,,,,,,https://www.linkedin.com/company/franks-international,Data Centre Developer,franks-investment-co-llc
no connection at all,B · Worth a look,DigiCo,DC developer / operator,Pure-play data center,Surrey,Surrey,51-200,122,Primary Focus,,,,http://www.digico.biz,https://www.linkedin.com/company/digico/,Data Centre Developer,digico
no connection at all,B · Worth a look,Beyond.pl,DC developer / operator,Pure-play data center,,,51-200,121,,,,,https://www.beyond.pl/en/,https://www.linkedin.com/company/beyond-pl-cloud-and-data-center/,Data Centre Developer,beyond-pl
no connection at all,B · Worth a look,Evolution Data Centres,DC developer / operator,Pure-play data center,,,1 to 10,121,,,,,http://www.evolutiondatacentres.com,https://www.linkedin.com/company/evolution-data-centres/,Data Centre Developer,evolution-data-centres
no connection at all,B · Worth a look,Agility,DC developer / operator,Pure-play data center,,,,120,,,,,,,Data Centre Developer,agility
no connection at all,B · Worth a look,Australia Sunshine Developments,DC developer / operator,Pure-play data center,London,London,51-200,120,,,,,https://www.dcbyte.com/company/australia-sunshine-developments/,https://www.linkedin.com/company/dc-byte/,Data Centre Developer,australia-sunshine-developments
no connection at all,B · Worth a look,Ezditek,DC developer / operator,Pure-play data center,Riyadh,Riyadh,51-200,120,,1,,,https://ezditek.com/,https://www.linkedin.com/company/ezditek/,Data Centre Developer,ezditek
no connection at all,B · Worth a look,Archer Data Centers,DC developer / operator,Pure-play data center,"Old Westbury, New York, United States",United States,1 to 10,120,,,,,https://www.archerdatacenters.com/,https://www.linkedin.com/company/archer-datacenters/,Data Centre Developer,archer-data-centers
no connection at all,B · Worth a look,Ascendas REIT,DC developer / operator,Pure-play data center,,,10001,118,Secondary Focus,,,,https://www.capitaland-ascendasreit.com/en.html,https://www.linkedin.com/company/capitaland-limited/,Data Centre Developer,ascendas-reit
no connection at all,B · Worth a look,Actis,DC developer / operator,Pure-play data center,"London, United Kingdom",United Kingdom,201-500,118,Primary Focus,1,2,,http://www.act.is,https://www.linkedin.com/company/actis/,Data Centre Developer,actis
no connection at all,B · Worth a look,Nabiax,DC developer / operator,Pure-play data center,"Madrid, Spain",Spain,11 to 50,116,,2,,,https://nabiax.com/,https://www.linkedin.com/company/nabiax/,Data Centre Developer,nabiax
no connection at all,B · Worth a look,Cloud Carrier,DC developer / operator,Pure-play data center,"Bella Vista, New South Wales, Australia",Australia,11 to 50,113,,,,,https://cloudcarrier.com,https://www.linkedin.com/company/cloud-carrier/,Data Centre Developer,cloud-carrier
no connection at all,B · Worth a look,Center3,DC developer / operator,Pure-play data center,Riyadh,Riyadh,10001,111,,3,,,https://center3.com,https://www.linkedin.com/company/center3/,Data Centre Developer,center3
no connection at all,B · Worth a look,Huawei Cloud,Hyperscaler,Pure-play data center,"Shenzhen, China",China,10001,111,Secondary Focus,,,,https://www.huaweicloud.com/intl/en-us/,https://www.linkedin.com/showcase/huaweicloudservice/,Data Centre Developer,huawei-cloud
no connection at all,B · Worth a look,Foxconn Technology,DC developer / operator,Pure-play data center,,,,106,,,,,,,Data Centre Developer,foxconn-technology
no connection at all,B · Worth a look,Anan,DC developer / operator,Pure-play data center,,,,105,,,,,,,Data Centre Developer,anan
no connection at all,B · Worth a look,Red Ace Capital Management,DC developer / operator,Pure-play data center,"Dallas, Texas, United States",United States,1 to 10,104,,,,,http://www.redacecapital.com,https://www.linkedin.com/company/redacecapitalmanagement/,Data Centre Developer,red-ace-capital-management
no connection at all,B · Worth a look,Phoenix Michigan City Industrial Investors LLC,DC developer / operator,Pure-play data center,,,,102,,,,,,,Data Centre Developer,phoenix-michigan-city-industrial-investors-llc
no connection at all,B · Worth a look,Data Journey,DC developer / operator,Pure-play data center,"Montgomery, Texas, United States",United States,11 to 50,100,,,,,https://www.datajourney.com,https://www.linkedin.com/company/data-journey-official/,Data Centre Developer,data-journey
no connection at all,B · Worth a look,GIGA-42,DC developer / operator,Pure-play data center,London,London,1 to 10,100,,,,,https://giga-42.com/,https://www.linkedin.com/company/giga42/,Data Centre Developer,giga-42
no connection at all,B · Worth a look,Hexatoff Group,DC developer / operator,Pure-play data center,,,,100,,,,,,,Data Centre Developer,hexatoff-group
no connection at all,B · Worth a look,Kalinda IT,DC developer / operator,Pure-play data center,"Zurich, Switzerland",Switzerland,1 to 10,100,,,,,,https://www.linkedin.com/company/kalindafamily/,Data Centre Developer,kalinda-it
no connection at all,B · Worth a look,Pacific Partnerships,DC developer / operator,Pure-play data center,"North Sydney, New South Wales, Australia",Australia,10001,100,,,,,http://www.pacificpartnerships.com.au,https://www.linkedin.com/company/pacific-partnerships/,Data Centre Developer,pacific-partnerships
no connection at all,B · Worth a look,Patmos,DC developer / operator,Pure-play data center,"Kansas, Missouri, United States",United States,51-200,100,,,,,https://patmos.tech,https://www.linkedin.com/company/patmoshosting/,Data Centre Developer,patmos
no connection at all,B · Worth a look,Northern Data,NeoCloud / AI infra,Pure-play data center,"Cape Town, South Africa",South Africa,11 to 50,96,,1,,,http://www.northerndata.co.za,https://www.linkedin.com/company/northerndata/,Data Centre Developer,northern-data
no connection at all,B · Worth a look,Layer 9 data centers,DC developer / operator,Pure-play data center,"Phoenix, Arizona, United States",United States,11 to 50,96,,,,,https://layer9dc.com,https://www.linkedin.com/company/layer-9-data-centers/,Data Centre Developer,layer-9-data-centers
no connection at all,B · Worth a look,MMM Acquisitions,DC developer / operator,Pure-play data center,,,,96,,,,,,,Data Centre Developer,mmm-acquisitions
no connection at all,B · Worth a look,Olkaria EcoCloud Data Center,DC developer / operator,Pure-play data center,"Naivasha, Kenya",Kenya,1 to 10,96,,,,,https://ecocloud.co.ke/,https://www.linkedin.com/company/olkariaecocloud/?originalSubdomain=ke,Data Centre Developer,olkaria-ecocloud-data-center
no connection at all,B · Worth a look,QScale,DC developer / operator,Pure-play data center,"Levis, Canada",Canada,51-200,96,,,,,https://qscale.com,https://www.linkedin.com/company/qscale/,Data Centre Developer,qscale
no connection at all,B · Worth a look,Atman,DC developer / operator,Pure-play data center,,,,95,,,,,,https://www.linkedin.com/products/feldspartech-atman/,Data Centre Developer,atman
no connection at all,B · Worth a look,NTT Communications Corporation,DC developer / operator,Pure-play data center,"Tokyo, Japan",Japan,,92,,,,,https://www.ntt.com/en/index.html,,Data Centre Developer,ntt-communications-corporation
no connection at all,B · Worth a look,Oppidan Investment Company,DC developer / operator,Pure-play data center,"Excelsior, Minnesota, United States",United States,11 to 50,86,,3,,,http://www.oppidan.com,https://www.linkedin.com/company/oppidan-investment-company/,Data Centre Developer,oppidan-investment-company
no connection at all,B · Worth a look,MEEZA,DC developer / operator,Pure-play data center,"Ontario, Canada",Canada,1 to 10,85,,,,,http://www.meeza-group.com/products.html,https://www.linkedin.com/company/meeza-group/,Data Centre Developer,meeza
no connection at all,B · Worth a look,Blueprint Data Centers,DC developer / operator,Pure-play data center,"Austin, Texas, United States",United States,1 to 10,85,,1,,,https://www.blueprint-dc.com/,https://www.linkedin.com/company/blueprint-data-centers/,Data Centre Developer,blueprint-data-centers
no connection at all,B · Worth a look,Green Energy Partners,DC developer / operator,Pure-play data center,Lupfig,Lupfig,201-500,85,,1,,,https://water2.energy/,https://www.linkedin.com/company/green-ch-datacenter/,Data Centre Developer,green-energy-partners
no connection at all,B · Worth a look,IXcellerate,DC developer / operator,Pure-play data center,"Moscow, Russia",Russia,51-200,83,,,,,https://www.ixcellerate.ru,https://www.linkedin.com/company/ixcellerate/,Data Centre Developer,ixcellerate
no connection at all,B · Worth a look,Vint Hill Corners,DC developer / operator,Pure-play data center,"Tysons, Virginia, United States",United States,11 to 50,83,,,,,http://www.vinthillsolutions.com,https://www.linkedin.com/company/vint-hill-solutions-llc/,Data Centre Developer,vint-hill-corners
no connection at all,B · Worth a look,Digital Hyperspace,DC developer / operator,Pure-play data center,,,,80,,,,,,,Data Centre Developer,digital-hyperspace
no connection at all,B · Worth a look,Genesis Data Center,DC developer / operator,Pure-play data center,,,,80,,,,,,,Data Centre Developer,genesis-data-center
no connection at all,B · Worth a look,Keystone,DC developer / operator,Pure-play data center,"Castle Rock, Colorado, United States",United States,1 to 10,80,,,,,https://greywolf.com/infor-and-epicor-pim-integration/,https://www.linkedin.com/products/greywolfsystems-keystone/,Data Centre Developer,keystone
no connection at all,B · Worth a look,Nova Complex,DC developer / operator,Pure-play data center,Singapore,Singapore,1 to 10,80,,,,,www.novacomplex.com,https://www.linkedin.com/company/nova-complex/,Data Centre Developer,nova-complex
no connection at all,B · Worth a look,sineQN,DC developer / operator,Pure-play data center,"London, United Kingdom",United Kingdom,11 to 50,80,,,,,http://www.sineqn.com,https://www.linkedin.com/company/sineqn/https://www.linkedin.com/company/sineqn/,Data Centre Developer,sineqn
no connection at all,B · Worth a look,IXAfrica,DC developer / operator,Pure-play data center,"Nairobi, Kenya",Kenya,11 to 50,79,,,,,http://www.ixafrica.co.ke/,https://www.linkedin.com/company/ixafrica-datacentre/,Data Centre Developer,ixafrica
no connection at all,B · Worth a look,EID (General Partner) LLP,DC developer / operator,Pure-play data center,,,,76,,,,,,,Data Centre Developer,eid-llp
no connection at all,B · Worth a look,Gravity Edge,DC developer / operator,Pure-play data center,London,London,1 to 10,74,,,,,www.gravityedge.com,https://www.linkedin.com/company/gravityedge/,Data Centre Developer,gravity-edge
no connection at all,B · Worth a look,SC Zeus,DC developer / operator,Pure-play data center,Singapore,Singapore,11 to 50,74,,,,,https://www.zeusdatacenters.com,https://www.linkedin.com/company/zeus-data-centers/,Data Centre Developer,sc-zeus
no connection at all,B · Worth a look,Borealis Data Center,DC developer / operator,Pure-play data center,Reykjavík,Reykjavík,,74,,4,,,https://bdc.is/,https://www.linkedin.com/company/borealis-data-center/,Data Centre Developer,borealis-data-center
no connection at all,B · Worth a look,STT VNG,DC developer / operator,Pure-play data center,,,,73,,,,,,,Data Centre Developer,stt-vng
no connection at all,B · Worth a look,"Longfeng (Shanghai) Data Technology Co., Ltd.",DC developer / operator,Pure-play data center,"Shanghai, China",China,,72,,,,,https://www.dcbyte.com/company/longfeng-shanghai-data-technology-co-ltd/,,Data Centre Developer,longfeng-data-technology-co-ltd
no connection at all,B · Worth a look,Shanghai Jingxi Network Technology,DC developer / operator,Pure-play data center,"Shanghai, China",China,,72,,,,,,,Data Centre Developer,shanghai-jingxi-network-technology
no connection at all,B · Worth a look,Shanghai Jintong Optical Technology,DC developer / operator,Pure-play data center,"Shanghai, China",China,,72,,,,,https://www.dcbyte.com/company/shanghai-jintong-optical-technology/,,Data Centre Developer,shanghai-jintong-optical-technology
no connection at all,B · Worth a look,Bilt Tek,DC developer / operator,Pure-play data center,Birkirkara,Birkirkara,11 to 50,70,,,,,https://bilttek.com/,https://www.linkedin.com/company/bilt-tek/posts/?feedView=all,Data Centre Developer,bilt-tek
no connection at all,B · Worth a look,Prea,DC developer / operator,Pure-play data center,"Schönefeld, Germany",Germany,11 to 50,70,,,,,https://prea.eu/de/,https://www.linkedin.com/company/prea-group/,Data Centre Developer,prea
no connection at all,B · Worth a look,SM+,DC developer / operator,Pure-play data center,"Jakarta, Indonesia",Indonesia,51-200,69,,,,,http://www.smplus.com,https://www.linkedin.com/company/smplusholdings/?originalSubdomain=id,Data Centre Developer,sm
no connection at all,B · Worth a look,Shanghai Athub,DC developer / operator,Pure-play data center,"Shanghai, China",China,201-500,68,,,,,http://athub.com,,Data Centre Developer,shanghai-athub
no connection at all,B · Worth a look,21st Century Technologies,DC developer / operator,Pure-play data center,,,,66,,,,,,,Data Centre Developer,21st-century-technologies
no connection at all,B · Worth a look,"Southeast Property Holdings, LLC.",DC developer / operator,Pure-play data center,"Fort Lauderdale, Florida, United States",United States,1 to 10,66,,,,,http://www.sepropertygrp.com,https://www.linkedin.com/company/southeast-property-group/,Data Centre Developer,southeast-property-holdings-llc
no connection at all,B · Worth a look,Techno Digital,DC developer / operator,Pure-play data center,"Sharjah, United Arab Emirates",United Arab Emirates,11 to 50,66,,,,,https://technodigital.ae/,https://www.linkedin.com/company/technodigital-llc/,Data Centre Developer,techno-digital
no connection at all,B · Worth a look,AIMS,DC developer / operator,Pure-play data center,,,,65,,,,,,,Data Centre Developer,aims
no connection at all,B · Worth a look,Hetzner Online,DC developer / operator,Pure-play data center,,,,65,,,,,,,Data Centre Developer,hetzner-online
no connection at all,B · Worth a look,JD Cloud & AI,DC developer / operator,Pure-play data center,,,,64,Secondary Focus,,,,,,Data Centre Developer,jd-cloud-ai
no connection at all,B · Worth a look,Guizhou Cloud,DC developer / operator,Pure-play data center,"Bay Area, California",California,201-500,62,,,,,https://www.gzdata.com.cn/,https://www.linkedin.com/company/guizhou-cloud-big-data-industry-development-co-ltd/,Data Centre Developer,guizhou-cloud
no connection at all,B · Worth a look,Lontrue,DC developer / operator,Pure-play data center,,,201-500,62,,,,,http://www.lontrue.com,https://www.linkedin.com/company/%E6%9C%97%E6%BA%90%E8%82%A1%E4%BB%BD%E6%9C%89%E9%99%90%E5%85%AC%E5%8F%B8-lontrue-co-ltd/,Data Centre Developer,lontrue
no connection at all,B · Worth a look,365 Data Centers,DC developer / operator,Pure-play data center,"Norwalk, Connecticut, United States",United States,201-500,60,,,,,http://365datacenters.com/,https://www.linkedin.com/company/365datacenters/,Data Centre Developer,365-data-centers
no connection at all,B · Worth a look,IDC Frontier,DC developer / operator,Pure-play data center,"Tokyo, Japan",Japan,201-500,60,,,,,https://www.idcf.jp/,https://www.linkedin.com/company/idc-frontier-inc./,Data Centre Developer,idc-frontier
no connection at all,B · Worth a look,5C Data Centers,DC developer / operator,Pure-play data center,"Montreal, Canada",Canada,51-200,60,,,,,https://5c.ai/,https://www.linkedin.com/company/5c-data-centers/,Data Centre Developer,5c-data-centers
no connection at all,B · Worth a look,ECO-LocaXion,DC developer / operator,Pure-play data center,"Aalborg, Denmark",Denmark,11 to 50,60,,,,,https://eco-locaxion.com,https://www.linkedin.com/company/eco-locaxion/,Data Centre Developer,eco-locaxion
no connection at all,B · Worth a look,Kasi Cloud,DC developer / operator,Pure-play data center,"Lagos, Nigeria",Nigeria,51-200,60,,,,,http://www.kasicloud.com,https://www.linkedin.com/company/kasicloud/,Data Centre Developer,kasi-cloud
no connection at all,B · Worth a look,MDA No. 2,DC developer / operator,Pure-play data center,,,,60,,,,,,,Data Centre Developer,mda-no-2
no connection at all,B · Worth a look,Shanghai Bingsheng Technology,DC developer / operator,Pure-play data center,"Shanghai, China",China,,60,,,,,,,Data Centre Developer,shanghai-bingsheng-technology
no connection at all,B · Worth a look,SUB1,DC developer / operator,Pure-play data center,"London, United Kingdom",United Kingdom,1 to 10,60,,,,,https://sub1.io/,https://www.linkedin.com/company/sub1dcs/,Data Centre Developer,sub1
no connection at all,B · Worth a look,Markley,DC developer / operator,Pure-play data center,"Boston, Massachusetts, United States",United States,201-500,60,,,,,http://www.markleygroup.com/,https://www.linkedin.com/company/markley-group/,Data Centre Developer,markley
no connection at all,B · Worth a look,1911 Data Centers,DC developer / operator,Pure-play data center,,,1 to 10,58,,,,,https://www.datacentermap.com/c/1911-data-centers/,https://www.linkedin.com/company/data-center-map/,Data Centre Developer,1911-data-centers
no connection at all,B · Worth a look,Netrality Data Centers,DC developer / operator,Pure-play data center,"Miami, Florida, United States",United States,11 to 50,56,,3,,,http://www.netrality.com/,https://www.linkedin.com/company/netrality/,Data Centre Developer,netrality-data-centers
no connection at all,B · Worth a look,DC Connects,DC developer / operator,Pure-play data center,Singapore,Singapore,51-200,56,,,,,https://www.dcconnectglobal.com/,https://www.linkedin.com/company/dcconnectglobal/,Data Centre Developer,dc-connects
no connection at all,B · Worth a look,Metta DC,DC developer / operator,Pure-play data center,"Jakarta, Indonesia",Indonesia,51-200,54,,,,,https://mettadc.com,https://www.linkedin.com/company/mettadatacenter/,Data Centre Developer,metta-dc
no connection at all,B · Worth a look,Shanghai Yueke Communication,DC developer / operator,Pure-play data center,"Shanghai, China",China,,54,,,,,https://www.dcbyte.com/company/shanghai-yueke-communication/,,Data Centre Developer,shanghai-yueke-communication
no connection at all,B · Worth a look,Conapto,DC developer / operator,Pure-play data center,Stockholm,Stockholm,11 to 50,54,,,,,https://www.conapto.com,https://www.linkedin.com/company/conapto/,Data Centre Developer,conapto
no connection at all,B · Worth a look,Mesh Capital LLC,DC developer / operator,Pure-play data center,"Jersey, New Jersey, United States",United States,1 to 10,52,,,,,http://www.meshcapital.com,https://www.linkedin.com/company/mesh-capital-llc/,Data Centre Developer,mesh-capital-llc
no connection at all,B · Worth a look,Orka Technologies,DC developer / operator,Pure-play data center,Luxembourg,Luxembourg,1 to 10,52,,,,,https://www.orka-technologies.eu/,https://www.linkedin.com/company/orka-technologies-s-a-r-l/,Data Centre Developer,orka-technologies
no connection at all,B · Worth a look,Element Critical,DC developer / operator,Pure-play data center,"Vienna, Virginia, United States",United States,51-200,52,,2,,,https://elementcritical.com,https://www.linkedin.com/company/elementcritical/,Data Centre Developer,element-critical
no connection at all,B · Worth a look,Guofu Guangqi,DC developer / operator,Pure-play data center,"Shanghai, China",China,,52,,,,,http://guofudata.com,,Data Centre Developer,guofu-guangqi
no connection at all,B · Worth a look,Ardent Data Centers,DC developer / operator,Pure-play data center,Germany,Germany,51-200,51,,,,,https://northerndata.de/ardent-data-centers-by-northern-data-group,https://www.linkedin.com/company/northerndatagroup/posts/?feedView=all,Data Centre Developer,ardent-data-centers
no connection at all,B · Worth a look,PiDC,DC developer / operator,Pure-play data center,"Ann Arbor, Michigan, United States",United States,51-200,51,,,,,http://www.pidc.com,https://www.linkedin.com/company/pacific-industrial-development-corporation/,Data Centre Developer,pidc
no connection at all,B · Worth a look,Box2Bit,DC developer / operator,Pure-play data center,Madrid,Madrid,11 to 50,50,,,,,www.box2bit.com,https://www.linkedin.com/company/box2bit/,Data Centre Developer,box2bit
no connection at all,B · Worth a look,IBM,DC developer / operator,Pure-play data center,"Armonk, New York, United States",United States,10001,34,Secondary Focus,4,,,http://www.ibm.com,https://www.linkedin.com/company/ibm/,Data Centre Developer,ibm
no connection at all,B · Worth a look,KevlinX,DC developer / operator,Pure-play data center,"Amsterdam, North Holland, Netherlands",Netherlands,11 to 50,32,,6,,,http://kevlinx.com/,https://www.linkedin.com/company/kevlinx/,Data Centre Developer,kevlinx
no connection at all,B · Worth a look,Yandex,NeoCloud / AI infra,Pure-play data center,"Moscow, Russia",Russia,10001,27,Secondary Focus,,,,http://company.yandex.com,https://www.linkedin.com/company/yandex/,Data Centre Developer,yandex
no connection at all,B · Worth a look,Baidu,Hyperscaler,Pure-play data center,"Beijing, China",China,10001,26,Primary Focus,,,,http://home.baidu.com/index.html,https://www.linkedin.com/company/baidu-inc/,Data Centre Developer,baidu
no connection at all,B · Worth a look,Mapletree TM (HKSAR),DC developer / operator,Pure-play data center,Hong Kong,Hong Kong,,25,Secondary Focus,,,,https://www.mapletree.com.sg/about-us/,,Data Centre Developer,mapletree-tm
no connection at all,B · Worth a look,Asterion,DC developer / operator,Pure-play data center,,,11 to 50,22,Primary Focus,,,,http://asterion.in/,https://www.linkedin.com/company/asterionpublic/,Data Centre Developer,asterion
no connection at all,B · Worth a look,DEEP,DC developer / operator,Pure-play data center,"Miami, Florida",Florida,51-200,21,Primary Focus,,,,http://www.deep.com/,https://www.linkedin.com/company/deepengineered/,Data Centre Developer,deep
no connection at all,B · Worth a look,NextStreamDC,DC developer / operator,Pure-play data center,"Sao Paulo, Brazil",Brazil,51-200,21,Primary Focus,,,,https://nextstream.com/en/data-centers/,https://www.linkedin.com/company/nextstreamdc/,Data Centre Developer,nextstreamdc
no connection at all,B · Worth a look,Angelo Gordon & Co.,DC developer / operator,Pure-play data center,,,,20,Secondary Focus,,,,,,Data Centre Developer,angelo-gordon-co
no connection at all,B · Worth a look,DCX USA,DC developer / operator,Pure-play data center,"Scottsdale, Arizona, United States",United States,1 to 10,12,Primary Focus,,,,https://www.dcx.us,https://www.linkedin.com/company/dcxus/about/,Data Centre Developer,dcx-usa
no connection at all,B · Worth a look,Wanda Group,DC developer / operator,Pure-play data center,"Beijing, China",China,,12,Secondary Focus,,,,http://www.wanda-group.com/,,Data Centre Developer,wanda-group
no connection at all,B · Worth a look,Adapture Renewables,Energy developer / utility,Energy / utility,"Atlanta, Georgia",Georgia,51-200,,,4,,,https://www.adapturerenewables.com,https://www.linkedin.com/company/adapture-renewables/,Energy Developer,adapture-renewables
no connection at all,B · Worth a look,Adolfson & Peterson Construction,General contractor,Construction / engineering,,,,,,14,,,,https://www.linkedin.com/company/adolfson-&-peterson-construction/,General Contractors USA,adolfson-peterson-construction
no connection at all,B · Worth a look,Alston Construction,General contractor,Construction / engineering,,,,,,4,,,,https://www.linkedin.com/company/alston-construction/,General Contractors USA,alston-construction
no connection at all,B · Worth a look,Ambrose Property Group,Real estate & industrial developer,Real estate / industrial,"Indianapolis, Indiana",Indiana,51-200,,,3,,,https://www.ambrosepropertygroup.com,https://www.linkedin.com/company/ambrose-property-group/,Real Estate Developers USA,ambrose-property-group
no connection at all,B · Worth a look,Avantus,Energy developer / utility,Energy / utility,"San Francisco, California",California,51-200,,,16,,,https://www.avantus.com,https://www.linkedin.com/company/avantus/,Energy Developer,avantus
no connection at all,B · Worth a look,Barton Malow,General contractor,Construction / engineering,,,,,,8,,,,https://www.linkedin.com/company/bartonmalow/,General Contractors USA,barton-malow
no connection at all,B · Worth a look,Bechtel Corporation,General contractor,Construction / engineering,,,,,,13,,,,,General Contractors USA,bechtel-corporation
no connection at all,B · Worth a look,Becknell Industrial,Real estate & industrial developer,Real estate / industrial,"Indianapolis, Indiana",Indiana,51-200,,,5,,,https://www.becknellindustrial.com,https://www.linkedin.com/company/becknell-industrial/,Real Estate Developers USA,becknell-industrial
no connection at all,B · Worth a look,BGO,DC developer / operator,Real estate / industrial,,,,,,7,,,,,Clockwork / research,bgo
no connection at all,B · Worth a look,Bloom Energy,DC developer / operator,Energy / utility,,,,,,3,,,,,Clockwork / research,bloom-energy
no connection at all,B · Worth a look,BNBuilders,General contractor,Construction / engineering,,,,,,4,,,,https://www.linkedin.com/company/bnbuilders,General Contractors USA,bnbuilders
no connection at all,B · Worth a look,Bridge Industrial,Real estate & industrial developer,Real estate / industrial,"Chicago, Illinois",Illinois,201-500,,,14,,,https://www.bridge-industrial.com,https://www.linkedin.com/company/bridge-industrial/,Real Estate Developers USA,bridge-industrial
no connection at all,B · Worth a look,BrightNight,Energy developer / utility,Energy / utility,New York,New York,51-200,,,9,,,https://www.brightnight.com,https://www.linkedin.com/company/brightnight/,Energy Developer,brightnight
no connection at all,B · Worth a look,Brinkman Construction,General contractor,Construction / engineering,,,,,,6,,,,https://www.linkedin.com/company/brinkmanconstructioninc/,General Contractors USA,brinkman-construction
no connection at all,B · Worth a look,Broe Real Estate Group,Real estate & industrial developer,Real estate / industrial,"Denver, Colorado",Colorado,51-200,,,7,,,https://www.broe.com,https://www.linkedin.com/company/broe-group/,Real Estate Developers USA,broe-real-estate-group
no connection at all,B · Worth a look,Bryan Construction Inc.,General contractor,Construction / engineering,,,,,,4,,,,https://www.linkedin.com/company/bryan-construction/,General Contractors USA,bryan-construction-inc
no connection at all,B · Worth a look,"Build Group, Inc",General contractor,Construction / engineering,,,,,,3,,,,https://www.linkedin.com/company/build-group-inc/,General Contractors USA,build-group-inc
no connection at all,B · Worth a look,Candela Renewables,Energy developer / utility,Energy / utility,"Berkeley, California",California,11 to 50,,,5,,,https://www.candelarenewables.com,https://www.linkedin.com/company/candela-renewables/,Energy Developer,candela-renewables
no connection at all,B · Worth a look,Carmel Partners,Real estate & industrial developer,Real estate / industrial,"San Francisco, California",California,201-500,,,25,,,https://www.carmelpartners.com,https://www.linkedin.com/company/carmel-partners/,Real Estate Developers USA,carmel-partners
no connection at all,B · Worth a look,Catalyze,Energy developer / utility,Energy / utility,"Brattleboro, Vermont",Vermont,11 to 50,,,3,,,https://www.catalyze.com,https://www.linkedin.com/company/catalyze/,Energy Developer,catalyze
no connection at all,B · Worth a look,CB Richard Ellis,DC developer / operator,Real estate / industrial,,,,,,16,,,,,Clockwork / research,cb-richard-ellis
no connection at all,B · Worth a look,CenterPoint Properties,Real estate & industrial developer,Real estate / industrial,"Oak Brook, Illinois",Illinois,201-500,,,16,,,https://www.centerpoint.com,https://www.linkedin.com/company/centerpoint-properties/,Real Estate Developers USA,centerpoint-properties
no connection at all,B · Worth a look,Clēnera,Energy developer / utility,Energy / utility,"Boise, Idaho",Idaho,51-200,,,5,,,https://www.clenera.com,https://www.linkedin.com/company/clenera/,Energy Developer,cl-nera
no connection at all,B · Worth a look,Confluent Development,Real estate & industrial developer,Real estate / industrial,"Denver, Colorado",Colorado,11-50,,,5,,,https://www.confluentdev.com,https://www.linkedin.com/company/confluent-development/,Real Estate Developers USA,confluent-development
no connection at all,B · Worth a look,Core5 Industrial,Real estate & industrial developer,Real estate / industrial,"Atlanta, Georgia",Georgia,51-200,,,10,,,https://www.core5industrial.com,https://www.linkedin.com/company/core5-industrial/,Cold Storage & Industrial Developers; Real Estate Developers USA,core5-industrial
no connection at all,B · Worth a look,CRB,General contractor,Construction / engineering,,,,,,4,,,,https://www.linkedin.com/company/crbgrp/,General Contractors USA,crb
no connection at all,B · Worth a look,Cude Engineers,Civil / land engineering,Construction / engineering,"Houston, Texas",Texas,51 to 200,,,6,,,https://www.cudeengineers.com,https://www.linkedin.com/company/cude-engineers/,Civil Land Developers,cude-engineers
no connection at all,B · Worth a look,Dalfen Industrial,Real estate & industrial developer,Real estate / industrial,"Dallas, Texas",Texas,51-200,,,6,,,https://www.dalfen.com/,https://www.linkedin.com/company/dalfen-industrial/,Real Estate Developers USA,dalfen-industrial
no connection at all,B · Worth a look,Dermody Properties,Real estate & industrial developer,Real estate / industrial,"Reno, Nevada",Nevada,51-200,,,5,,,https://www.dermody.com,https://www.linkedin.com/company/dermody-properties/,Cold Storage & Industrial Developers; Real Estate Developers USA,dermody-properties
no connection at all,B · Worth a look,Dunaway,Civil / land engineering,Construction / engineering,"Fort Worth, Texas",Texas,201 to 500,,,3,,,https://dunaway.com,https://www.linkedin.com/company/dunaway-associates/,Civil Land Developers,dunaway
no connection at all,B · Worth a look,EcoPlexus,Energy developer / utility,Energy / utility,"San Jose, California",California,51-200,,,4,,,https://www.ecoplex.us,https://www.linkedin.com/company/ecoplex/,Energy Developer,ecoplexus
no connection at all,B · Worth a look,Evans General Contractors,General contractor,Construction / engineering,,,,,,4,,,,https://www.linkedin.com/company/evans-general-contractors,General Contractors USA,evans-general-contractors
no connection at all,B · Worth a look,First Industrial Realty Trust,Real estate & industrial developer,Real estate / industrial,"Chicago, Illinois",Illinois,201-500,,,5,,,https://www.firstindustrial.com,https://www.linkedin.com/company/first-industrial-realty-trust/,Real Estate Developers USA,first-industrial-realty-trust
no connection at all,B · Worth a look,ForeFront Power,Energy developer / utility,Energy / utility,"San Francisco, California",California,51-200,,,4,,,https://www.forefrontpower.com,https://www.linkedin.com/company/forefront-power/,Energy Developer,forefront-power
no connection at all,B · Worth a look,Forestar Group,Real estate & industrial developer,Real estate / industrial,"Arlington, Texas",Texas,201-500,,,18,,,https://www.forestar.com,https://www.linkedin.com/company/forestar-group/,Real Estate Developers USA,forestar-group
no connection at all,B · Worth a look,GE Johnson,General contractor,Construction / engineering,,,,,,4,,,,https://www.linkedin.com/company/gejohnson/,General Contractors USA,ge-johnson
no connection at all,B · Worth a look,GH Phipps Construction Companies,General contractor,Construction / engineering,,,,,,21,,,,https://www.linkedin.com/company/ghphipps/,General Contractors USA,gh-phipps-construction-companies
no connection at all,B · Worth a look,Gordon,Civil / land engineering,Construction / engineering,"Exton, Pennsylvania",Pennsylvania,51 to 200,,,15,,,https://www.gordon-us.com,https://www.linkedin.com/company/william-h--gordon-associates/,Civil Land Developers,gordon
no connection at all,B · Worth a look,GridStor,Energy developer / utility,Energy / utility,"San Francisco, California",California,11 to 50,,,5,,,https://www.gridstor.com,https://www.linkedin.com/company/gridstor/,Energy Developer,gridstor
no connection at all,B · Worth a look,Haselden Construction,General contractor,Construction / engineering,,,,,,17,,,,https://www.linkedin.com/company/haselden-construction/,General Contractors USA,haselden-construction
no connection at all,B · Worth a look,Hecate Energy,Energy developer / utility,Energy / utility,"Chicago, Illinois",Illinois,51-200,,,5,,,https://www.hecateenergy.com,https://www.linkedin.com/company/hecate-energy/,Energy Developer,hecate-energy
no connection at all,B · Worth a look,Hexagon Energy,Energy developer / utility,Energy / utility,"Denver, Colorado",Colorado,11 to 50,,,11,,,https://www.hexagonenergy.com,https://www.linkedin.com/company/hexagon-energy/,Energy Developer,hexagon-energy
no connection at all,B · Worth a look,Hill International,General contractor,Construction / engineering,,,,,,4,,,,https://www.linkedin.com/company/hill-international,General Contractors USA,hill-international
no connection at all,B · Worth a look,Hoffman & Associates,Real estate & industrial developer,Real estate / industrial,"Washington, DC",DC,51-200,,,9,,,https://www.hoffmandc.com,https://www.linkedin.com/company/hoffman-associates/,Real Estate Developers USA,hoffman-associates
no connection at all,B · Worth a look,Howell Construction,General contractor,Construction / engineering,,,,,,6,,,,https://www.linkedin.com/company/howell-construction/,General Contractors USA,howell-construction
no connection at all,B · Worth a look,HR Green,Civil / land engineering,Construction / engineering,"North Liberty, Iowa",Iowa,201 to 500,,,4,,,https://www.hrgreen.com,https://www.linkedin.com/company/hr-green/,Civil Land Developers,hr-green
no connection at all,B · Worth a look,Hyder Construction,General contractor,Construction / engineering,,,,,,5,,,,https://www.linkedin.com/company/hyder-construction-inc./,General Contractors USA,hyder-construction
no connection at all,B · Worth a look,IDI Logistics,Real estate & industrial developer,Real estate / industrial,"Greenville, South Carolina",South Carolina,51-200,,,6,,,https://www.idilogistics.com,https://www.linkedin.com/company/idi-logistics/,Cold Storage & Industrial Developers; Real Estate Developers USA,idi-logistics
no connection at all,B · Worth a look,Iron Mountian,DC developer / operator,Conglomerate,,,,,,52,,,,,Clockwork / research,iron-mountian
no connection at all,B · Worth a look,Jupiter Power,Energy developer / utility,Energy / utility,"Austin, Texas",Texas,11 to 50,,,4,,,https://www.jupiterpower.io,https://www.linkedin.com/company/jupiter-power/,Energy Developer,jupiter-power
no connection at all,B · Worth a look,Key Capture Energy,Energy developer / utility,Energy / utility,"Albany, New York",New York,11 to 50,,,4,,,https://www.keycaptureenergy.com,https://www.linkedin.com/company/key-capture-energy/,Energy Developer,key-capture-energy
no connection at all,B · Worth a look,Kiewit,General contractor,Construction / engineering,,,,,,66,,,,https://www.linkedin.com/company/kiewit,General Contractors USA,kiewit
no connection at all,B · Worth a look,Legacy Investing,DC developer / operator,Pure-play data center,,,,,,4,1,,,,Clockwork / research,legacy-investing
no connection at all,B · Worth a look,"Logistics Property Company, LLC",Real estate & industrial developer,Real estate / industrial,"Chicago, Illinois",Illinois,51-200,,,15,,,https://www.logisticsproperty.com,https://www.linkedin.com/company/logistics-property-company/,Real Estate Developers USA,logistics-property-company-llc
no connection at all,B · Worth a look,LS Power,Energy developer / utility,Energy / utility,New York,New York,201-500,,,11,,,https://www.lspower.com,https://www.linkedin.com/company/ls-power/,Energy Developer,ls-power
no connection at all,B · Worth a look,Luminace,Energy developer / utility,Energy / utility,"San Francisco, California",California,51-200,,,3,,,https://www.luminace.com,https://www.linkedin.com/company/luminace/,Energy Developer,luminace
no connection at all,B · Worth a look,Mainspring Energy,Energy developer / utility,Energy / utility,"Menlo Park, California",California,201-500,,,4,,,https://www.mainspringenergy.com,https://www.linkedin.com/company/mainspring-energy/,Energy Developer,mainspring-energy
no connection at all,B · Worth a look,Manhattan Construction Company,General contractor,Construction / engineering,,,,,,7,,,,https://www.linkedin.com/company/manhattan-construction-company,General Contractors USA,manhattan-construction-company
no connection at all,B · Worth a look,Mcwhinney,Real estate & industrial developer,Real estate / industrial,"Loveland, Colorado",Colorado,201-500,,,15,,,https://www.mcwhinney.com,https://www.linkedin.com/company/mcwhinney/,Real Estate Developers USA,mcwhinney
no connection at all,B · Worth a look,MRP Industrial,Real estate & industrial developer,Real estate / industrial,"Baltimore, Maryland",Maryland,51-200,,,6,,,https://www.mrpindustrial.com,https://www.linkedin.com/company/mrp-industrial/,Real Estate Developers USA,mrp-industrial
no connection at all,B · Worth a look,MRP Realty,Real estate & industrial developer,Real estate / industrial,"Washington, DC",DC,51-200,,,11,,,https://www.mrprealty.com,https://www.linkedin.com/company/mrp-realty/,Real Estate Developers USA,mrp-realty
no connection at all,B · Worth a look,National Grid Renewables,Energy developer / utility,Energy / utility,"Minneapolis, Minnesota",Minnesota,201-500,,,8,,,https://www.nationalgridrenewables.com,https://www.linkedin.com/company/national-grid-renewables/,Energy Developer,national-grid-renewables
no connection at all,B · Worth a look,National Renewable Solutions,Energy developer / utility,Energy / utility,"Minneapolis, Minnesota",Minnesota,11 to 50,,,4,,,https://www.nationalrenewablesolutions.com,https://www.linkedin.com/company/national-renewable-solutions/,Energy Developer,national-renewable-solutions
no connection at all,B · Worth a look,New Leaf Energy,Energy developer / utility,Energy / utility,"Boston, Massachusetts",Massachusetts,11 to 50,,,3,,,https://www.newleafenergy.com,https://www.linkedin.com/company/new-leaf-energy/,Energy Developer,new-leaf-energy
no connection at all,B · Worth a look,Nunn Construction,General contractor,Construction / engineering,,,,,,3,,,,https://www.linkedin.com/company/nunn-construction-inc/,General Contractors USA,nunn-construction
no connection at all,B · Worth a look,Parsons,Civil / land engineering,Construction / engineering,"Centreville, Virginia",Virginia,1 to 10,,,4,,,https://www.parsons.com,https://www.linkedin.com/company/parsons-engineering-inc/,Civil Land Developers,parsons
no connection at all,B · Worth a look,Pivot Energy,Energy developer / utility,Energy / utility,"Denver, Colorado",Colorado,51-200,,,15,,,https://www.pivotenergy.net,https://www.linkedin.com/company/pivot-energy/,Energy Developer,pivot-energy
no connection at all,B · Worth a look,Plus Power,Energy developer / utility,Energy / utility,"San Francisco, California",California,51-200,,,19,,,https://www.pluspower.com,https://www.linkedin.com/company/plus-power/,Energy Developer,plus-power
no connection at all,B · Worth a look,PMA Consultants,General contractor,Construction / engineering,,,,,,3,,,,https://www.linkedin.com/company/pma-consultants/,General Contractors USA,pma-consultants
no connection at all,B · Worth a look,Polaris Data Centre,DC developer / operator,Real estate / industrial,,,,,,5,,,,,Clockwork / research,polaris-data-centre
no connection at all,B · Worth a look,Power Construction,General contractor,Construction / engineering,,,,,,16,,,,,General Contractors USA,power-construction
no connection at all,B · Worth a look,Ranger Power,Energy developer / utility,Energy / utility,New York,New York,11 to 50,,,5,,,https://www.rangerpower.com,https://www.linkedin.com/company/ranger-power/,Energy Developer,ranger-power
no connection at all,B · Worth a look,Recurrent Energy,Energy developer / utility,Energy / utility,"Austin, Texas",Texas,51-200,,,12,,,https://www.recurrentenergy.com,https://www.linkedin.com/company/recurrent-energy/,Energy Developer,recurrent-energy
no connection at all,B · Worth a look,Renewable Properties,Energy developer / utility,Energy / utility,"San Francisco, California",California,11 to 50,,,3,,,https://www.renewableproperties.com,https://www.linkedin.com/company/renewable-properties/,Energy Developer,renewable-properties
no connection at all,B · Worth a look,REV Renewables,Energy developer / utility,Energy / utility,"Albany, New York",New York,201-500,,,7,,,https://www.revrenewables.com,https://www.linkedin.com/company/rev-renewables/,Energy Developer,rev-renewables
no connection at all,B · Worth a look,Rinker Design Associates,Civil / land engineering,Construction / engineering,"Manassas, Virginia",Virginia,51 to 200,,,3,,,https://www.rinkerdesign.com,https://www.linkedin.com/company/rdacivil/,Civil Land Developers,rinker-design-associates
no connection at all,B · Worth a look,Rockefeller Group,Real estate & industrial developer,Real estate / industrial,"New York, New York",New York,51-200,,,7,,,https://www.rockefellergroup.com,https://www.linkedin.com/company/rockefeller-group/,Real Estate Developers USA,rockefeller-group
no connection at all,B · Worth a look,Sagard Real Estate,Real estate & industrial developer,Real estate / industrial,"Denver, Colorado",Colorado,51-200,,,3,,,https://www.everwest.com,https://www.linkedin.com/company/everwest-real-estate-investors/,Real Estate Developers USA,sagard-real-estate
no connection at all,B · Worth a look,Saunders Construction,General contractor,Construction / engineering,,,,,,22,,,,https://www.linkedin.com/company/saundersconstruction/,General Contractors USA,saunders-construction
no connection at all,B · Worth a look,Savion,Energy developer / utility,Energy / utility,"Denver, Colorado",Colorado,51-200,,,20,,,https://www.savion.com,https://www.linkedin.com/company/savion/,Energy Developer,savion
no connection at all,B · Worth a look,Scannell Properties,Real estate & industrial developer,Real estate / industrial,"Indianapolis, Indiana",Indiana,201-500,,,17,,,https://www.scannellproperties.com,https://www.linkedin.com/company/scannell-properties/,Cold Storage & Industrial Developers; Real Estate Developers USA,scannell-properties
no connection at all,B · Worth a look,Scout Clean Energy,Energy developer / utility,Energy / utility,"Boulder, Colorado",Colorado,51-200,,,21,,,https://www.scoutcleanenergy.com,https://www.linkedin.com/company/scout-clean-energy/,Energy Developer,scout-clean-energy
no connection at all,B · Worth a look,Shea Properties,Real estate & industrial developer,Real estate / industrial,"Aliso Viejo, California",California,201-500,,,13,,,https://www.sheaproperties.com,https://www.linkedin.com/company/shea-properties/,Real Estate Developers USA,shea-properties
no connection at all,B · Worth a look,Soltage,Energy developer / utility,Energy / utility,"Jersey City, New Jersey",New Jersey,11 to 50,,,6,,,https://www.soltage.com,https://www.linkedin.com/company/soltage/,Energy Developer,soltage
no connection at all,B · Worth a look,Spearmint Energy,Energy developer / utility,Energy / utility,"Denver, Colorado",Colorado,11 to 50,,,6,,,https://www.spearmint.energy,https://www.linkedin.com/company/spearmint-energy/,Energy Developer,spearmint-energy
no connection at all,B · Worth a look,Stanley Consultants,General contractor,Construction / engineering,,,,,,3,,,,https://www.linkedin.com/company/stanleyconsultants,General Contractors USA,stanley-consultants
no connection at all,B · Worth a look,Strata Clean Energy,DC developer / operator + Energy developer / utility,Energy / utility,"Durham, North Carolina",North Carolina,201-500,,,11,,,https://www.stratacleanenergy.com,https://www.linkedin.com/company/strata-clean-energy/,Energy Developer,strata-clean-energy
no connection at all,B · Worth a look,Suffolk Construction,General contractor,Construction / engineering,,,,,,14,,,,https://www.linkedin.com/company/suffolk-construction/,General Contractors USA,suffolk-construction
no connection at all,B · Worth a look,Summit Ridge Energy,Energy developer / utility,Energy / utility,"Chicago, Illinois",Illinois,51-200,,,5,,,https://www.summitridgeenergy.com,https://www.linkedin.com/company/summit-ridge-energy/,Energy Developer,summit-ridge-energy
no connection at all,B · Worth a look,Swinerton,General contractor,Construction / engineering,,,,,,30,,,,https://www.linkedin.com/company/swinerton/,General Contractors USA,swinerton
no connection at all,B · Worth a look,Terra-Gen,Energy developer / utility,Energy / utility,New York,New York,51-200,,,15,,,https://www.terra-gen.com,https://www.linkedin.com/company/terra-gen/,Energy Developer,terra-gen
no connection at all,B · Worth a look,The Beck Group,General contractor,Construction / engineering,,,,,,14,,,,https://www.linkedin.com/company/the-beck-group/,General Contractors USA,the-beck-group
no connection at all,B · Worth a look,The Christman Company,General contractor,Construction / engineering,,,,,,3,,,,https://www.linkedin.com/company/the-christman-company/,General Contractors USA,the-christman-company
no connection at all,B · Worth a look,TikTok,DC developer / operator,Pure-play data center,,,,,,7,,,,,Clockwork / research,tiktok
no connection at all,B · Worth a look,Turner & Townsend,General contractor,Construction / engineering,,,,,,130,,,,https://www.linkedin.com/company/turner-&-townsend,General Contractors USA,turner-townsend
no connection at all,B · Worth a look,United Properties,Real estate & industrial developer,Real estate / industrial,"Minneapolis, Minnesota",Minnesota,51-200,,,7,,,https://www.unitedproperties.com,https://www.linkedin.com/company/united-properties/,Real Estate Developers USA,united-properties
no connection at all,B · Worth a look,Urban Ltd,Civil / land engineering,Construction / engineering,"Philadelphia, Pennsylvania",Pennsylvania,51 to 200,,,7,,,https://urbanengineers.com,https://www.linkedin.com/company/urban-ltd/,Civil Land Developers,urban-ltd
no connection at all,B · Worth a look,Vesper Energy,Energy developer / utility,Energy / utility,"Dallas, Texas",Texas,11 to 50,,,5,,,https://www.vesperenergy.com,https://www.linkedin.com/company/vesper-energy/,Energy Developer,vesper-energy
no connection at all,B · Worth a look,W.E. O'Neil Construction,General contractor,Construction / engineering,,,,,,9,,,,https://www.linkedin.com/company/weoneil/,General Contractors USA,w-e-o-neil-construction
no connection at all,B · Worth a look,"Waner Construction Company, Inc.",General contractor,Construction / engineering,,,,,,3,,,,https://www.linkedin.com/company/waner-construction-company/,General Contractors USA,waner-construction-company-inc
no connection at all,B · Worth a look,Worldwide Mission Critical,General contractor,Construction / engineering,,,,,,12,,,,https://www.linkedin.com/company/worldwide-mission-critical,General Contractors USA,worldwide-mission-critical
no connection at all,B · Worth a look,xAI,NeoCloud / AI infra,Pure-play data center,"Palo Alto, California, United States",United States,1 to 10,,,3,,,https://x.ai/,https://www.linkedin.com/company/xai-tech/,Data Centre Developer,xai
no connection at all,C · Small or unknown scale,DataVita,DC developer / operator,Pure-play data center,Chapelhall,Chapelhall,11 to 50,49,,1,,,http://www.datavita.co.uk,https://www.linkedin.com/company/datavita/,Data Centre Developer,datavita
no connection at all,C · Small or unknown scale,DataPro,DC developer / operator,Pure-play data center,"Coral Gables, Florida",Florida,51-200,49,,,,,http://www.datapromiami.com,https://www.linkedin.com/company/datapro-inc./,Data Centre Developer,datapro
no connection at all,C · Small or unknown scale,Dawiyat,DC developer / operator,Pure-play data center,Riyadh,Riyadh,11 to 50,49,,,,,https://www.dawiyat.com.sa/english/,https://www.linkedin.com/company/dawiyat/,Data Centre Developer,dawiyat
no connection at all,C · Small or unknown scale,165 Halsey Street,DC developer / operator,Pure-play data center,"Newark, New Jersey, United States",United States,11 to 50,48,,,,,http://www.165halsey.com/,https://www.linkedin.com/company/165-halsey/,Data Centre Developer,165-halsey-street
no connection at all,C · Small or unknown scale,Nxtra Africa,DC developer / operator,Pure-play data center,,,,48,,,,,https://nxtraafrica.com/,,Data Centre Developer,nxtra-africa
no connection at all,C · Small or unknown scale,Saigontel,DC developer / operator,Pure-play data center,"Ho Chi Minh, Vietnam",Vietnam,201-500,48,,,,,http://saigontel.vn,https://www.linkedin.com/company/saigontel/,Data Centre Developer,saigontel
no connection at all,C · Small or unknown scale,ChinaCache,DC developer / operator,Pure-play data center,California,California,51-200,47,,,,,https://en.chinacache.com,https://www.linkedin.com/company/chinacache-na/,Data Centre Developer,chinacache
no connection at all,C · Small or unknown scale,Shonfeld Data Services (SDS),DC developer / operator,Pure-play data center,,,,46,,,,,https://www.datacentermap.com/c/sds-data-services/,,Data Centre Developer,shonfeld-data-services
no connection at all,C · Small or unknown scale,Templus,DC developer / operator,Pure-play data center,"Madrid, Spain",Spain,11 to 50,46,,1,,,www.templus.com,https://www.linkedin.com/company/templus-data-centers/,Data Centre Developer,templus
no connection at all,C · Small or unknown scale,Wise County Industrial Development Authority,DC developer / operator,Pure-play data center,"Virginia, United States",United States,1 to 10,46,,,,,www.wisecounty.org,https://www.linkedin.com/company/industrial-development-authority-of-wise-county/,Data Centre Developer,wise-county-industrial-development-authority
no connection at all,C · Small or unknown scale,DP Facilities,DC developer / operator,Pure-play data center,"Ashburn, Virginia, United States",United States,11 to 50,45,,,,,https://dpfacilities.com/,https://www.linkedin.com/company/dp-facilities/,Data Centre Developer,dp-facilities
no connection at all,C · Small or unknown scale,KAAM Square Ansan Data Centre PFV,DC developer / operator,Pure-play data center,,,,45,,,,,,,Data Centre Developer,kaam-square-ansan-data-centre-pfv
no connection at all,C · Small or unknown scale,MYS AssetCo,DC developer / operator,Pure-play data center,,,,45,,,,,,,Data Centre Developer,mys-assetco
no connection at all,C · Small or unknown scale,Open Access Data Centres,DC developer / operator,Pure-play data center,"Port Louis, Mauritius",Mauritius,51-200,45,,1,,,https://openaccessdc.net/,https://www.linkedin.com/company/open-access-data-centres/,Data Centre Developer,open-access-data-centres
no connection at all,C · Small or unknown scale,Data Castle,DC developer / operator,Pure-play data center,"Neuried, Germany",Germany,1 to 10,44,,,,,https://data-castle.de/en/contact.html,https://www.linkedin.com/company/data-castle/,Data Centre Developer,data-castle
no connection at all,C · Small or unknown scale,Undisclosed,DC developer / operator,Pure-play data center,,,,44,,,,,,,Data Centre Developer,undisclosed
no connection at all,C · Small or unknown scale,Etix Everywhere,DC developer / operator,Pure-play data center,France,France,51-200,44,,,,,https://www.etixeverywhere.com/,https://www.linkedin.com/company/etix-group/,Data Centre Developer,etix-everywhere
no connection at all,C · Small or unknown scale,Quantum Switch,DC developer / operator,Pure-play data center,"Dubai, United Arab Emirates",United Arab Emirates,11 to 50,42,,1,,,http://www.quantumswitch.com,https://www.linkedin.com/company/quantum-switch/,Data Centre Developer,quantum-switch
no connection at all,C · Small or unknown scale,Expedient,DC developer / operator,Pure-play data center,"Pittsburgh, Pennsylvania, United States",United States,201-500,41,,,,,https://www.expedient.com,https://www.linkedin.com/company/expedient/,Data Centre Developer,expedient
no connection at all,C · Small or unknown scale,Aslan Energy Capital,DC developer / operator,Pure-play data center,London,London,11 to 50,40,,,,,www.aslanec.com,https://www.linkedin.com/company/aslan-energy-capital/,Data Centre Developer,aslan-energy-capital
no connection at all,C · Small or unknown scale,Quetta Data Centers,DC developer / operator,Pure-play data center,"Edinburgh, United Kingdom",United Kingdom,,40,,,,,https://www.qpdc.co.uk/,,Data Centre Developer,quetta-data-centers
no connection at all,C · Small or unknown scale,WRV Nurseries South Brunswick LLC,DC developer / operator,Pure-play data center,,,,40,,,,,,,Data Centre Developer,wrv-nurseries-south-brunswick-llc
no connection at all,C · Small or unknown scale,Gyrogy,DC developer / operator,Pure-play data center,Dublin,Dublin,1 to 10,40,,,,,www.gyrogy.com,https://www.linkedin.com/company/gyrogyinfrastructure/?originalSubdomain=ie,Data Centre Developer,gyrogy
no connection at all,C · Small or unknown scale,Nexstar,DC developer / operator,Pure-play data center,,,,39,,,,,,,Data Centre Developer,nexstar
no connection at all,C · Small or unknown scale,Huiyun (Chengdu) Technology,DC developer / operator,Pure-play data center,,,,38,,,,,,,Data Centre Developer,huiyun-technology
no connection at all,C · Small or unknown scale,Digital Fortress,DC developer / operator,Pure-play data center,"Seattle, Washington, United States",United States,51-200,38,,,,,https://digital-fortress.com/,https://www.linkedin.com/company/dfcolo/,Data Centre Developer,digital-fortress
no connection at all,C · Small or unknown scale,Markham Real Estate Partners,DC developer / operator,Pure-play data center,"Sydney, New South Wales, Australia",Australia,11 to 50,38,,,,,https://markham.com.au/,https://www.linkedin.com/company/markhaminvestment/,Data Centre Developer,markham-real-estate-partners
no connection at all,C · Small or unknown scale,Core Data Centres,DC developer / operator,Pure-play data center,"Brampton, Canada",Canada,11 to 50,37,,1,,,http://www.coredatacentres.com,https://www.linkedin.com/company/core-data-centres/,Data Centre Developer,core-data-centres
no connection at all,C · Small or unknown scale,Polcom,DC developer / operator,Pure-play data center,"Skawina, Poland",Poland,51-200,36,,,,,http://www.polcom.com.pl,https://www.linkedin.com/company/polcom/,Data Centre Developer,polcom
no connection at all,C · Small or unknown scale,A-FLOW,DC developer / operator,Pure-play data center,"Dover, Delaware",Delaware,1 to 10,36,,,,,https://a-flow.io,https://www.linkedin.com/company/a-flow/,Data Centre Developer,a-flow
no connection at all,C · Small or unknown scale,DHAmericas,DC developer / operator,Pure-play data center,"Burbank, California",California,,36,,,,,https://dhamericas.com/,,Data Centre Developer,dhamericas
no connection at all,C · Small or unknown scale,NED Data Centers,DC developer / operator,Pure-play data center,"Tel Aviv, Israel",Israel,11 to 50,36,,,,,https://www.linkedin.com/company/ned-data-centers-ltd/,https://www.linkedin.com/company/ned-data-centers-ltd/,Data Centre Developer,ned-data-centers
no connection at all,C · Small or unknown scale,Willowbend Capital LLC,DC developer / operator,Pure-play data center,,,,35,,,,,,,Data Centre Developer,willowbend-capital-llc
no connection at all,C · Small or unknown scale,Data Center Partners,DC developer / operator,Pure-play data center,"Wallmenroth, Germany",Germany,11 to 50,34,,,,,www.datacenter-partners.com,https://www.linkedin.com/company/data-center-partners/,Data Centre Developer,data-center-partners
no connection at all,C · Small or unknown scale,Skygard,DC developer / operator,Pure-play data center,"Oslo, Norway",Norway,11 to 50,34,,,,,https://www.skygard.no/,https://www.linkedin.com/company/skygard-as/,Data Centre Developer,skygard
no connection at all,C · Small or unknown scale,Zhenghui Group,DC developer / operator,Pure-play data center,,,,34,,,,,,,Data Centre Developer,zhenghui-group
no connection at all,C · Small or unknown scale,Shanghai Science and Technology Network Communication,DC developer / operator,Pure-play data center,"Shanghai, China",China,,33,,,,,https://www.dcbyte.com/company/shanghai-science-and-technology-network-communication/,,Data Centre Developer,shanghai-science-and-technology-network-communication
no connection at all,C · Small or unknown scale,Fibre Centre,DC developer / operator,Pure-play data center,"Moncton, Canada",Canada,11 to 50,33,,,,,http://fibrecentre.com,https://www.linkedin.com/company/fibre-centre/,Data Centre Developer,fibre-centre
no connection at all,C · Small or unknown scale,Datacenter United,DC developer / operator,Pure-play data center,"Antwerpen, Belgium",Belgium,51-200,33,,,,,https://www.datacenterunited.com,https://www.linkedin.com/company/datacenter-united/,Data Centre Developer,datacenter-united
no connection at all,C · Small or unknown scale,Digital Crossroad,DC developer / operator,Pure-play data center,"Hammond, Indiana, United States",United States,11 to 50,32,,,,,http://digitalcrossroad.com,https://www.linkedin.com/company/digitalcrossroads/,Data Centre Developer,digital-crossroad
no connection at all,C · Small or unknown scale,EvoSwitch,DC developer / operator,Pure-play data center,"Manassas, Virginia",Virginia,51-200,32,,,,,https://www.evoswitch.com,https://www.linkedin.com/company/evoswitch/,Data Centre Developer,evoswitch
no connection at all,C · Small or unknown scale,YCO Cloud Centers (YCC),DC developer / operator,Pure-play data center,"Manila, Philippines",Philippines,1 to 10,32,,,,,https://www.ycocloud.com/,https://www.linkedin.com/company/yco-cloud/?originalSubdomain=ph,Data Centre Developer,yco-cloud-centers
no connection at all,C · Small or unknown scale,Yorizon,DC developer / operator,Pure-play data center,"Berlin, Germany",Germany,51-200,32,,,,,https://yorizon.com/,https://www.linkedin.com/company/yorizon-cloud/,Data Centre Developer,yorizon
no connection at all,C · Small or unknown scale,Globalinx,DC developer / operator,Pure-play data center,"Virginia, United States",United States,,31,,,,,https://www.globalinxdatacenters.com/,,Data Centre Developer,globalinx
no connection at all,C · Small or unknown scale,EXSIM,DC developer / operator,Pure-play data center,Kuala Lumpur,Kuala Lumpur,201-500,30,,,,,http://exsim.com.my,https://www.linkedin.com/company/exsim-development/,Data Centre Developer,exsim
no connection at all,C · Small or unknown scale,Nordik Data Centers,DC developer / operator,Pure-play data center,,,,30,,,,,,,Data Centre Developer,nordik-data-centers
no connection at all,C · Small or unknown scale,TPC Data Centers,DC developer / operator,Pure-play data center,United States,United States,1 to 10,30,,,,,www.tpcdatacenters.com,https://www.linkedin.com/company/tpc-data-centers/,Data Centre Developer,tpc-data-centers
no connection at all,C · Small or unknown scale,Voltekko,DC developer / operator,Pure-play data center,"Paris, France",France,1 to 10,30,,,,,www.voltekko.com,https://www.linkedin.com/company/voltekko/,Data Centre Developer,voltekko
no connection at all,C · Small or unknown scale,LCL,DC developer / operator,Pure-play data center,"Villejuif, France",France,10001,30,,,,,https://www.lcl.fr/,https://www.linkedin.com/company/lcl/,Data Centre Developer,lcl
no connection at all,C · Small or unknown scale,EdgeMode,DC developer / operator,Pure-play data center,"Fort Lauderdale, Florida",Florida,11 to 50,29,,,,,http://www.edgemode.io,https://www.linkedin.com/company/edgemode/,Data Centre Developer,edgemode
no connection at all,C · Small or unknown scale,DartPoints,DC developer / operator,Pure-play data center,"Dallas, Texas, United States",United States,51-200,28,,,,,http://www.dartpoints.com,https://www.linkedin.com/company/dartpoints/,Data Centre Developer,dartpoints
no connection at all,C · Small or unknown scale,Swisscom,DC developer / operator,Pure-play data center,"Worblaufen, Bern, Switzerland",Switzerland,10001,28,,,,,https://www.linkedin.com/company/swisscom/,https://www.linkedin.com/company/swisscom/,Data Centre Developer,swisscom
no connection at all,C · Small or unknown scale,HKCOLO,DC developer / operator,Pure-play data center,"Hong Kong, China",China,51-200,28,,,,,http://www.hkcolo.com,https://www.linkedin.com/company/hkcolo-limited/,Data Centre Developer,hkcolo
no connection at all,C · Small or unknown scale,Raxio Group,DC developer / operator,Pure-play data center,"Amsterdam, Netherlands",Netherlands,,28,,,,,https://www.raxiogroup.com/,,Data Centre Developer,raxio-group
no connection at all,C · Small or unknown scale,Oman Data Park,DC developer / operator,Pure-play data center,"Rusayl, Muscat, Oman",Oman,,28,,,,,https://omandatapark.om/,,Data Centre Developer,oman-data-park
no connection at all,C · Small or unknown scale,Stellanor Datacentres,DC developer / operator,Pure-play data center,"London, United Kingdom",United Kingdom,1 to 10,27,,2,,,Www.stellanordatacenters.com,https://www.linkedin.com/company/stellanordatacentres/,Data Centre Developer,stellanor-datacentres
no connection at all,C · Small or unknown scale,Bitera,DC developer / operator,Pure-play data center,London,London,51-200,27,,,,,https://www.datacenterdynamics.com/en/news/bitera-data-center-in-jakarta-indonesia-launches-operations/,https://www.linkedin.com/company/datacenterdynamics/,Data Centre Developer,bitera
no connection at all,C · Small or unknown scale,iTech Data Center Towers,DC developer / operator,Pure-play data center,"Kowloon, Hong Kong",Hong Kong,51-200,27,,,,,http://www.itechtower.com,https://www.linkedin.com/company/itechtowers/,Data Centre Developer,itech-data-center-towers
no connection at all,C · Small or unknown scale,irix,DC developer / operator,Pure-play data center,"Bengaluru, Karnataka, India",India,51-200,26,,,,,https://www.irix.in/,https://www.linkedin.com/company/irix-technologies/,Data Centre Developer,irix
no connection at all,C · Small or unknown scale,First Colo,DC developer / operator,Pure-play data center,,,,26,,,,,,,Data Centre Developer,first-colo
no connection at all,C · Small or unknown scale,LightEdge,DC developer / operator,Pure-play data center,"Des Moines, Iowa, United States",United States,201-500,26,,2,,,http://www.lightedge.com,https://www.linkedin.com/company/lightedge-solutions/,Data Centre Developer,lightedge
no connection at all,C · Small or unknown scale,1-Net,DC developer / operator,Pure-play data center,,,,25,,,,,,,Data Centre Developer,1-net
no connection at all,C · Small or unknown scale,Solis IDC,DC developer / operator,Pure-play data center,,,,25,,,,,,,Data Centre Developer,solis-idc
no connection at all,C · Small or unknown scale,Winhong,DC developer / operator,Pure-play data center,"Shenzhen, China",China,,25,,,,,https://en.winhong.com/,,Data Centre Developer,winhong
no connection at all,C · Small or unknown scale,Lotte Data Communications,DC developer / operator,Pure-play data center,,,,25,,,,,,,Data Centre Developer,lotte-data-communications
no connection at all,C · Small or unknown scale,Portus Data Centers,DC developer / operator,Pure-play data center,Luxembourg,Luxembourg,11 to 50,25,,2,,,https://www.portusdatacenters.com/,https://www.linkedin.com/company/portus-data-centers/,Data Centre Developer,portus-data-centers
no connection at all,C · Small or unknown scale,Gray Wolf Data Centers,DC developer / operator,Pure-play data center,"Oakland, New Jersey, United States",United States,,24,,,,,https://graywolfdatacenters.com,https://www.linkedin.com/in/gray-wolf-data-centers-gwdc-9407a9349/,Data Centre Developer,gray-wolf-data-centers
no connection at all,C · Small or unknown scale,Beijing Yunhai Internet Technology,DC developer / operator,Pure-play data center,China,China,,24,,,,,https://www.yunji.ai/,,Data Centre Developer,beijing-yunhai-internet-technology
no connection at all,C · Small or unknown scale,Beidou Boyang (Shanghai) Data Technology,DC developer / operator,Pure-play data center,London,London,51-200,24,,,,,https://www.dcbyte.com/company/beidou-boyang-shanghai-data-technology/,https://www.linkedin.com/company/dc-byte/,Data Centre Developer,beidou-boyang-data-technology
no connection at all,C · Small or unknown scale,DC POWER BN1,DC developer / operator,Pure-play data center,,,,24,,,,,https://www.dcbyte.com/company/dc-power-bn1/,,Data Centre Developer,dc-power-bn1
no connection at all,C · Small or unknown scale,Infinaxis,DC developer / operator,Pure-play data center,Singapore,Singapore,,24,,,,,https://infinaxis.net/,,Data Centre Developer,infinaxis
no connection at all,C · Small or unknown scale,Shanghai Qnet Networking Technology,DC developer / operator,Pure-play data center,"Shanghai, China",China,,24,,,,,,,Data Centre Developer,shanghai-qnet-networking-technology
no connection at all,C · Small or unknown scale,Wilton Data Centre,DC developer / operator,Pure-play data center,United Kingdom,United Kingdom,,24,,,,,https://wiltondatacentre.com/,,Data Centre Developer,wilton-data-centre
no connection at all,C · Small or unknown scale,SK Holdings C&C,DC developer / operator,Pure-play data center,,,,23,,,,,,,Data Centre Developer,sk-holdings-c-c
no connection at all,C · Small or unknown scale,"Shanghai Youfu Computer Network Co., Ltd",DC developer / operator,Pure-play data center,"Shanghai, China",China,,22,,,,,https://www.dcbyte.com/company/shanghai-youfu-computer-network-co-ltd/,,Data Centre Developer,shanghai-youfu-computer-network-co-ltd
no connection at all,C · Small or unknown scale,TRG Datacenters,DC developer / operator,Pure-play data center,"Spring, Texas, United States",United States,11 to 50,22,,,,,https://www.trgdatacenters.com/,https://www.linkedin.com/company/trgdatacenter/,Data Centre Developer,trg-datacenters
no connection at all,C · Small or unknown scale,The Globe Building STL,DC developer / operator,Pure-play data center,"St. Louis, Missouri, United States",United States,11 to 50,22,,,,,https://www.globebuilding.com/,https://www.linkedin.com/company/the-globe-building-stl/,Data Centre Developer,the-globe-building-stl
no connection at all,C · Small or unknown scale,Luxconnect,DC developer / operator,Pure-play data center,"London, United Kingdom",United Kingdom,1 to 10,22,,,,,https://luxconnect.online,https://www.linkedin.com/company/lxcnnct/about/,Data Centre Developer,luxconnect
no connection at all,C · Small or unknown scale,AiNET,DC developer / operator,Pure-play data center,"Beltsville, Maryland, United States",United States,51-200,21,,,,,http://www.ai.net,https://www.linkedin.com/company/ainet/,Data Centre Developer,ainet
no connection at all,C · Small or unknown scale,Morohub,DC developer / operator,Pure-play data center,,,,21,,,,,,,Data Centre Developer,morohub
no connection at all,C · Small or unknown scale,NXDATA,DC developer / operator,Pure-play data center,"Bucharest, Romania",Romania,51-200,21,,,,,https://www.nxdata.ro,https://www.linkedin.com/company/nxdata/,Data Centre Developer,nxdata
no connection at all,C · Small or unknown scale,Techtonic Blockhouse,NeoCloud / AI infra,Pure-play data center,"Hadera, Israel",Israel,11 to 50,21,,,,,https://www.techtonic-dc.com/,https://www.linkedin.com/company/techtonicdatacenter/,Data Centre Developer,techtonic-blockhouse
no connection at all,C · Small or unknown scale,VIL DC,DC developer / operator,Pure-play data center,,,,21,,,,,,,Data Centre Developer,vil-dc
no connection at all,C · Small or unknown scale,SONDA,DC developer / operator,Pure-play data center,"Santiago, Chile",Chile,10001,20,,,,,http://www.sonda.com,https://www.linkedin.com/company/sonda/,Data Centre Developer,sonda
no connection at all,C · Small or unknown scale,Thésée DataCenter,DC developer / operator,Pure-play data center,"Aubergenville, France",France,11 to 50,20,,,,,www.thesee-datacenter.fr,https://www.linkedin.com/company/thesee-datacenter-france/,Data Centre Developer,th-s-e-datacenter
no connection at all,C · Small or unknown scale,Area31,DC developer / operator,Pure-play data center,,,,20,,,,,,,Data Centre Developer,area31
no connection at all,C · Small or unknown scale,Cloudoon,DC developer / operator,Pure-play data center,"Middletown, Delaware",Delaware,11 to 50,20,,,,,https://cloudoon.com,https://www.linkedin.com/company/olittcom/,Data Centre Developer,cloudoon
no connection at all,C · Small or unknown scale,DataCity,DC developer / operator,Pure-play data center,"Leeds, United Kingdom",United Kingdom,11 to 50,20,,,,,https://thedatacity.com/,https://www.linkedin.com/company/the-data-city/,Data Centre Developer,datacity
no connection at all,C · Small or unknown scale,HydraVault,NeoCloud / AI infra,Pure-play data center,"Chicago, Illinois, United States",United States,1 to 10,20,,,,,hydravault.com,https://www.linkedin.com/company/hydravault/,Data Centre Developer,hydravault
no connection at all,C · Small or unknown scale,ImpactData,DC developer / operator,Pure-play data center,"Atlanta, Georgia, United States",United States,1 to 10,20,,,,,http://impactdatacenters.com,https://www.linkedin.com/company/impactdata/,Data Centre Developer,impactdata
no connection at all,C · Small or unknown scale,Nexspace,DC developer / operator,Pure-play data center,"Heidelberg, Baden-Württemberg, Germany",Germany,11 to 50,20,,,,,https://www.nexspace.de/,https://www.linkedin.com/company/nexspace-data-centers/,Data Centre Developer,nexspace
no connection at all,C · Small or unknown scale,Substrate AI,NeoCloud / AI infra,Pure-play data center,"San Francisco, California, United States",United States,11 to 50,20,,,,,http://www.substrateai.com,https://www.linkedin.com/company/substrateintelligence/,Data Centre Developer,substrate-ai
no connection at all,C · Small or unknown scale,Adam,DC developer / operator,Pure-play data center,,,,20,,,,,,,Data Centre Developer,adam
no connection at all,C · Small or unknown scale,NxtGen Infinite Datacenter,DC developer / operator,Pure-play data center,,,,20,,,,,,,Data Centre Developer,nxtgen-infinite-datacenter
no connection at all,C · Small or unknown scale,CENTRA,DC developer / operator,Pure-play data center,,,,19,,1,,,,,Data Centre Developer,centra
no connection at all,C · Small or unknown scale,Da Nang International Data Centre JSC,DC developer / operator,Pure-play data center,London,London,51-200,18,,,,,https://www.dcbyte.com/facility/da-nang-data-center/,https://www.linkedin.com/company/dc-byte/,Data Centre Developer,da-nang-international-data-centre-jsc
no connection at all,C · Small or unknown scale,HostDime,DC developer / operator,Pure-play data center,,,,18,,,,,,,Data Centre Developer,hostdime
no connection at all,C · Small or unknown scale,Aphorio Carter,DC developer / operator,Pure-play data center,"Tampa, Florida, United States",United States,11 to 50,18,,,,,www.aphoriocarter.com,https://www.linkedin.com/showcase/aphorio-carter/,Data Centre Developer,aphorio-carter
no connection at all,C · Small or unknown scale,Hudson Interxchange,DC developer / operator,Pure-play data center,"New York, United States",United States,11 to 50,18,,,,,https://hudsonix.com/,https://www.linkedin.com/company/hudsonix/?viewAsMember=true,Data Centre Developer,hudson-interxchange
no connection at all,C · Small or unknown scale,Shanghai Dianwei Communication Technology,DC developer / operator,Pure-play data center,"Shanghai, China",China,,18,,,,,,,Data Centre Developer,shanghai-dianwei-communication-technology
no connection at all,C · Small or unknown scale,Shanghai Liming Resource Reuse,DC developer / operator,Pure-play data center,"Shanghai, China",China,,18,,,,,https://www.dcbyte.com/company/shanghai-liming-resource-reuse/,,Data Centre Developer,shanghai-liming-resource-reuse
no connection at all,C · Small or unknown scale,Shanghai Tongcan Network Technology,DC developer / operator,Pure-play data center,"Shanghai, China",China,,18,,,,,https://www.dcbyte.com/company/shanghai-tongcan-network-technology/,,Data Centre Developer,shanghai-tongcan-network-technology
no connection at all,C · Small or unknown scale,Shanghai Yibo Information Technology,DC developer / operator,Pure-play data center,"Shanghai, China",China,,18,,,,,https://www.dcbyte.com/company/shanghai-yibo-information-technology/,,Data Centre Developer,shanghai-yibo-information-technology
no connection at all,C · Small or unknown scale,Lancom,DC developer / operator,Pure-play data center,"Thessaloniki, Greece",Greece,51-200,18,,,,,https://www.lancom.gr,https://www.linkedin.com/company/lancomltd/,Data Centre Developer,lancom
no connection at all,C · Small or unknown scale,CRA,DC developer / operator,Pure-play data center,"Prague, Czech Republic",Czech Republic,201-500,17,,,,,http://www.cra.cz,https://www.linkedin.com/company/ceske-radiokomunikace-a.-s./,Data Centre Developer,cra
no connection at all,C · Small or unknown scale,SEAX,DC developer / operator,Pure-play data center,,,,16,,,,,,https://www.linkedin.com/products/seasalt-ai-seax/,Data Centre Developer,seax
no connection at all,C · Small or unknown scale,UltraEdge,DC developer / operator,Pure-play data center,"Courbevoie, France",France,51-200,16,,,,,www.ultraedge.com,https://www.linkedin.com/company/ultra-edge/,Data Centre Developer,ultraedge
no connection at all,C · Small or unknown scale,ACER,DC developer / operator,Pure-play data center,,,,16,,,,,,,Data Centre Developer,acer
no connection at all,C · Small or unknown scale,Bee Information Technology PH,DC developer / operator,Pure-play data center,Paisg,Paisg,11 to 50,16,,,,,https://www.beeinfotech.ph/,https://www.linkedin.com/company/beeinfotechph/,Data Centre Developer,bee-information-technology-ph
no connection at all,C · Small or unknown scale,Esin Technology,DC developer / operator,Pure-play data center,"San Francisco, California",California,51-200,16,,,,,https://www.crunchbase.com/organization/esin-technology,https://www.linkedin.com/company/crunchbase/,Data Centre Developer,esin-technology
no connection at all,C · Small or unknown scale,iM Critical,DC developer / operator,Pure-play data center,"Fort Lauderdale, Florida, United States",United States,11 to 50,16,,,,,http://www.imcritical.com,https://www.linkedin.com/company/im-critical/,Data Centre Developer,im-critical
no connection at all,C · Small or unknown scale,Magna PFV,DC developer / operator,Pure-play data center,"Denver, Colorado, United States",United States,11 to 50,16,,,,,https://baxtel.com/data-centers/magna-pfv,https://www.linkedin.com/company/baxtel/,Data Centre Developer,magna-pfv
no connection at all,C · Small or unknown scale,MetroEdge,DC developer / operator,Pure-play data center,,,,16,,,,,,,Data Centre Developer,metroedge
no connection at all,C · Small or unknown scale,"Shenzhen Baoneng Chuangzhan Real Estate Co., Ltd",DC developer / operator,Pure-play data center,"Shenzhen, China",China,,16,,,,,https://www.dcbyte.com/company/shenzhen-baoneng-chuangzhan-real-estate-co-ltd/,,Data Centre Developer,shenzhen-baoneng-chuangzhan-real-estate-co-ltd
no connection at all,C · Small or unknown scale,DELSKA,DC developer / operator,Pure-play data center,Riga,Riga,51-200,16,,,,,https://delska.com/,https://www.linkedin.com/company/delska/?_gl=1*1y7o3y2*_gcl_au*MTA2MzAyODUwMi4xNzc0NTMwMTc3*_ga*MTkxNzM2ODc3Ny4xNzc0NTMwMTc3*_ga_MN9ZL4E6FH*czE3NzQ1MzAxNzckbzEkZzAkdDE3NzQ1MzAxNzckajYwJGwwJGg0MTk0MTg2Nzg.*_ga_T1WWK6CTZ8*czE3NzQ1MzAxNzckbzEkZzAkdDE3NzQ1MzAxNzckajYwJGwwJGgxNjcwNzkxNzM5*_ga_KR92TS05MZ*czE3NzQ1MzAxNzckbzEkZzAkdDE3NzQ1MzAxNzckajYwJGwwJGg4ODA4MDM1Mjk.,Data Centre Developer,delska
no connection at all,C · Small or unknown scale,CE Colo,DC developer / operator,Pure-play data center,"Prague, Czech Republic",Czech Republic,11 to 50,16,,,,,https://www.cecolo.com/?gad_source=1&gad_campaignid=21196338905&gbraid=0AAAAADPLDYyHU7Sk1pX5K6QL070Z4v_DZ&gclid=Cj0KCQjwj47OBhCmARIsAF5wUEFIBpZmzTmzGq5MTV7xkL8GZG9j8xSeK9HSFSJToA8gsm9nuvzzuMEaAuJyEALw_wcB,https://www.linkedin.com/company/ce-colo/,Data Centre Developer,ce-colo
no connection at all,C · Small or unknown scale,3data,DC developer / operator,Pure-play data center,"San Francisco, California",California,11 to 50,16,,,,,https://3data.io,https://www.linkedin.com/company/3data/,Data Centre Developer,3data
no connection at all,C · Small or unknown scale,Kolo DC,DC developer / operator,Pure-play data center,"Stockholm, Sweden",Sweden,51-200,16,,,,,https://kolodc.com/,https://www.linkedin.com/company/kolo-dc/,Data Centre Developer,kolo-dc
no connection at all,C · Small or unknown scale,Eurofiber Cloud Infra,DC developer / operator,Pure-play data center,,,,15,,,,,,,Data Centre Developer,eurofiber-cloud-infra
no connection at all,C · Small or unknown scale,ValorC3,DC developer / operator,Pure-play data center,"St George, Utah, United States",United States,11 to 50,15,,,,,https://valorc3.com/,https://www.linkedin.com/company/valorc3datacenters/,Data Centre Developer,valorc3
no connection at all,C · Small or unknown scale,SBA Edge,DC developer / operator,Pure-play data center,"Boca Raton, Florida, United States",United States,51-200,15,,,,,https://www.sbaedge.com/,https://www.linkedin.com/company/sbaedge/,Data Centre Developer,sba-edge
no connection at all,C · Small or unknown scale,fragmentiX,DC developer / operator,Pure-play data center,,,,15,,,,,https://www.fragmentix.com,,Data Centre Developer,fragmentix
no connection at all,C · Small or unknown scale,Queensway Park Data Centres,DC developer / operator,Pure-play data center,,,,15,,,,,,,Data Centre Developer,queensway-park-data-centres
no connection at all,C · Small or unknown scale,Quest Technology Management,DC developer / operator,Pure-play data center,"Roseville, California, United States",United States,51-200,15,,,,,http://www.questsys.com,https://www.linkedin.com/company/quest-media-&-supplies-inc-/,Data Centre Developer,quest-technology-management
no connection at all,C · Small or unknown scale,Sakura Internet,DC developer / operator,Pure-play data center,"Torrance, California, United States",United States,1 to 10,15,,,,,http://sakurainternetusa.com,https://www.linkedin.com/company/sakura-internet-usa/about/,Data Centre Developer,sakura-internet
no connection at all,C · Small or unknown scale,Nautilus Data Technologies,DC developer / operator,Pure-play data center,"Pleasanton, California, United States",United States,11 to 50,14,,1,,,http://www.nautilusdt.com,https://www.linkedin.com/company/nautilusdatatechnologies/,Data Centre Developer,nautilus-data-technologies
no connection at all,C · Small or unknown scale,MDXi,DC developer / operator,Pure-play data center,"Lagos, Nigeria",Nigeria,201-500,14,,,,,https://mdx-i.com/,https://www.linkedin.com/showcase/mdxi-data-center/,Data Centre Developer,mdxi
no connection at all,C · Small or unknown scale,Optage,DC developer / operator,Pure-play data center,"Osaka, Japan",Japan,,14,,,,,https://optage.co.jp/en/,,Data Centre Developer,optage
no connection at all,C · Small or unknown scale,Rack Centre,DC developer / operator,Pure-play data center,"Ikeja, Lagos, Nigeria",Nigeria,11 to 50,14,,,,,http://www.rack-centre.com,https://www.linkedin.com/company/rackcentre/,Data Centre Developer,rack-centre
no connection at all,C · Small or unknown scale,GleSYS,DC developer / operator,Pure-play data center,Falkenberg,Falkenberg,51-200,13,,,,,https://glesys.com/,https://www.linkedin.com/company/glesys/,Data Centre Developer,glesys
no connection at all,C · Small or unknown scale,Takoda Data Centers,DC developer / operator,Pure-play data center,"Sao Paulo, Brazil",Brazil,201-500,13,,,,,http://takodadatacenters.com/,https://www.linkedin.com/company/takodadatacenters/,Data Centre Developer,takoda-data-centers
no connection at all,C · Small or unknown scale,Nation Data Center,DC developer / operator,Pure-play data center,"Paris, France",France,11 to 50,13,,1,,,https://nationdatacenter.fr/,https://www.linkedin.com/company/nation-data-center-groupe-altarea/,Data Centre Developer,nation-data-center
no connection at all,C · Small or unknown scale,Adgar,DC developer / operator,Pure-play data center,,,,13,,,,,,,Data Centre Developer,adgar
no connection at all,C · Small or unknown scale,New Jersey Fiber Exchange,DC developer / operator,Pure-play data center,"Wall Township, New Jersey, United States",United States,11 to 50,13,,,,,https://njfx.net/,https://www.linkedin.com/company/njfx/,Data Centre Developer,new-jersey-fiber-exchange
no connection at all,C · Small or unknown scale,China Economic Cloud Data Technology (Shanghai),DC developer / operator,Pure-play data center,China,China,,12,,,,,https://www.dcbyte.com/company/china-economic-cloud-data-technology-shanghai/,,Data Centre Developer,china-economic-cloud-data-technology
no connection at all,C · Small or unknown scale,Digital Parks Africa,DC developer / operator,Pure-play data center,Centurion,Centurion,51-200,12,,,,,http://www.dpa.host,https://www.linkedin.com/company/digital-parks-africa/,Data Centre Developer,digital-parks-africa
no connection at all,C · Small or unknown scale,GSI,DC developer / operator,Pure-play data center,"Tampa, Florida",Florida,11 to 50,12,,,,,http://www.gsicorp.com,https://www.linkedin.com/company/gsi/,Data Centre Developer,gsi
no connection at all,C · Small or unknown scale,Puyou Data Technology,DC developer / operator,Pure-play data center,,,,12,,,,,,,Data Centre Developer,puyou-data-technology
no connection at all,C · Small or unknown scale,Quântico,DC developer / operator,Pure-play data center,,,,12,,,,,,,Data Centre Developer,qu-ntico
no connection at all,C · Small or unknown scale,Shanghai China Transmission Network Technology,DC developer / operator,Pure-play data center,"Shanghai, China",China,,12,,,,,,,Data Centre Developer,shanghai-china-transmission-network-technology
no connection at all,C · Small or unknown scale,Shanghai Huayu Electronic Engineering,DC developer / operator,Pure-play data center,"Shanghai, China",China,,12,,,,,,,Data Centre Developer,shanghai-huayu-electronic-engineering
no connection at all,C · Small or unknown scale,Shanghai Qisi Cloud Computing,DC developer / operator,Pure-play data center,"Shanghai, China",China,,12,,,,,,,Data Centre Developer,shanghai-qisi-cloud-computing
no connection at all,C · Small or unknown scale,Shanghai Xinguan Network Technology,DC developer / operator,Pure-play data center,"Shanghai, China",China,,12,,,,,https://www.dcbyte.com/company/shanghai-xinguan-network-technology/,,Data Centre Developer,shanghai-xinguan-network-technology
no connection at all,C · Small or unknown scale,Trentino Data Mine,DC developer / operator,Pure-play data center,"Trentino, Italy",Italy,1 to 10,12,,,,,www.intacture.it,https://www.linkedin.com/company/trentino-datamine/,Data Centre Developer,trentino-data-mine
no connection at all,C · Small or unknown scale,T4,DC developer / operator,Pure-play data center,"San Francisco, California, United States",United States,1 to 10,12,,,,,https://www.t4.ai/,https://www.linkedin.com/company/t4ai/,Data Centre Developer,t4
no connection at all,C · Small or unknown scale,BroadBand Tower,DC developer / operator,Pure-play data center,,,11 to 50,12,,,,,https://www.bbtower.co.jp/en/corporate/,,Data Centre Developer,broadband-tower
no connection at all,C · Small or unknown scale,DreamMark1,DC developer / operator,Pure-play data center,Seoul,Seoul,51-200,12,,,,,https://www.dream-mark1.co.kr,https://www.linkedin.com/company/dreammark1/,Data Centre Developer,dreammark1
no connection at all,C · Small or unknown scale,Wingu.Africa,DC developer / operator,Pure-play data center,Mauritius,Mauritius,51-200,12,,,,,https://www.wingu.africa/,https://www.linkedin.com/company/wingu-africa-group/,Data Centre Developer,wingu-africa
no connection at all,C · Small or unknown scale,Aventus Data Centers,DC developer / operator,Pure-play data center,"Eden Prairie, Minnesota, United States",United States,,11,,,,,https://aventusdatacenters.com/,,Data Centre Developer,aventus-data-centers
no connection at all,C · Small or unknown scale,I-Net Corporation,DC developer / operator,Pure-play data center,,,,11,,,,,,,Data Centre Developer,i-net-corporation
no connection at all,C · Small or unknown scale,iomart,DC developer / operator,Pure-play data center,"Glasgow, United Kingdom",United Kingdom,201-500,11,,,,,https://www.iomart.com,https://www.linkedin.com/company/iomart/,Data Centre Developer,iomart
no connection at all,C · Small or unknown scale,US Signal,DC developer / operator,Pure-play data center,"Grand Rapids, Michigan, United States",United States,201-500,11,,,,,https://www.ussignal.com,https://www.linkedin.com/company/us-signal/,Data Centre Developer,us-signal
no connection at all,C · Small or unknown scale,Sequitor Edge LLC,DC developer / operator,Pure-play data center,"Omaha, United States",United States,11 to 50,10,,,,,https://sequitoredge.com,https://www.linkedin.com/company/sequitor-edge-llc/,Data Centre Developer,sequitor-edge-llc
no connection at all,C · Small or unknown scale,ITnow,DC developer / operator,Pure-play data center,,,,10,,,,,,,Data Centre Developer,itnow
no connection at all,C · Small or unknown scale,Bluebird Network,DC developer / operator,Pure-play data center,"Denver, Colorado, United States",United States,1 to 10,10,,,,,www.bluebird-network.com,https://www.linkedin.com/company/bluebird-network-data-energy/,Data Centre Developer,bluebird-network
no connection at all,C · Small or unknown scale,InterConnect,DC developer / operator,Pure-play data center,,,,10,,,,,,,Data Centre Developer,interconnect
no connection at all,C · Small or unknown scale,Middletown Data,DC developer / operator,Pure-play data center,"Middletown, Virginia, United States",United States,11 to 50,10,,,,,http://www.middletowndatacenter.com,https://www.linkedin.com/company/middletown-data-center/,Data Centre Developer,middletown-data
no connection at all,C · Small or unknown scale,Navegalo,DC developer / operator,Pure-play data center,"San Jose, California, United States",United States,51-200,10,,,,,https://www.navegalo.com,https://www.linkedin.com/company/navegalo/,Data Centre Developer,navegalo
no connection at all,C · Small or unknown scale,Regal Orion,DC developer / operator,Pure-play data center,"Subang Jaya, Selangor, Malaysia",Malaysia,,10,,,,,https://regalorion.com/,,Data Centre Developer,regal-orion
no connection at all,C · Small or unknown scale,Sentinel,DC developer / operator,Pure-play data center,"Tunbridge Wells, United Kingdom",United Kingdom,51-200,10,,1,,,https://www.sentinelstaffing.com/,https://www.linkedin.com/company/sentinel-it/,Data Centre Developer,sentinel
no connection at all,C · Small or unknown scale,Terakraft,DC developer / operator,Pure-play data center,"Sauda, Norway",Norway,11 to 50,10,,,,,https://www.terakraft.no/,https://www.linkedin.com/company/terakraft-as/,Data Centre Developer,terakraft
no connection at all,C · Small or unknown scale,174 Power Global,Energy developer / utility,Energy / utility,"Irvine, California",California,51-200,,,,,,https://www.174powerglobal.com,https://www.linkedin.com/company/174-power-global/,Energy Developer,174-power-global
no connection at all,C · Small or unknown scale,Abbott Construction,General contractor,Construction / engineering,,,,,,,,,,https://www.linkedin.com/company/j.r.-abbott-construction/,General Contractors USA,abbott-construction
no connection at all,C · Small or unknown scale,Acadian Renewable Energy,Energy developer / utility,Energy / utility,"New Orleans, Louisiana",Louisiana,11 to 50,,,,,,https://www.acadianrenewable.com,https://www.linkedin.com/company/acadian-renewable-energy/,Energy Developer,acadian-renewable-energy
no connection at all,C · Small or unknown scale,Aecon Group Inc.,General contractor,Construction / engineering,,,,,,,,,,https://www.linkedin.com/company/aecon/,General Contractors USA,aecon-group-inc
no connection at all,C · Small or unknown scale,Aetheris,DC developer / operator,Pure-play data center,,,,,,2,,,,,Clockwork / research,aetheris
no connection at all,C · Small or unknown scale,Agilitas Energy,Energy developer / utility,Energy / utility,"Providence, Rhode Island",Rhode Island,51-200,,,1,,,https://www.agilitasenergy.com,https://www.linkedin.com/company/agilitas-energy/,Energy Developer,agilitas-energy
no connection at all,C · Small or unknown scale,AGPDC,DC developer / operator,Pure-play data center,,,,,,2,,,,,Clockwork / research,agpdc
no connection at all,C · Small or unknown scale,Alberici,General contractor,Construction / engineering,,,,,,,,,,,General Contractors USA,alberici
no connection at all,C · Small or unknown scale,"Alcorn Construction, Inc",General contractor,Construction / engineering,,,,,,2,,,,https://www.linkedin.com/company/alcornconstructioninc/,General Contractors USA,alcorn-construction-inc
no connection at all,C · Small or unknown scale,AlfaTech,General contractor,Construction / engineering,,,,,,,,,,https://www.linkedin.com/company/alfa-tech,General Contractors USA,alfatech
no connection at all,C · Small or unknown scale,"Alliance Construction Solutions, LLC",General contractor,Construction / engineering,,,,,,2,,,,https://www.linkedin.com/company/alliance-construction-solutions-llc/,General Contractors USA,alliance-construction-solutions-llc
no connection at all,C · Small or unknown scale,Alliance Geotechnical Group,Civil / land engineering,Construction / engineering,"Sacramento, California",California,51 to 200,,,,,,https://www.alliancegeo.com,,Civil Land Developers,alliance-geotechnical-group
no connection at all,C · Small or unknown scale,Alpha Corporation (if not already),Civil / land engineering,Construction / engineering,"Sterling, Virginia",Virginia,51 to 200,,,,,,https://www.alphacorporation.com/,https://www.linkedin.com/company/alpha-corporation/,Civil Land Developers,alpha-corporation
no connection at all,C · Small or unknown scale,Alpine Datacenter Group,DC developer / operator,Pure-play data center,,,,,,1,,,,,Clockwork / research,alpine-datacenter-group
no connection at all,C · Small or unknown scale,Altus Power,Energy developer / utility,Energy / utility,"Greenwich, Connecticut",Connecticut,201-500,,,,,,https://www.altuspower.com,https://www.linkedin.com/company/altus-power/,Energy Developer,altus-power
no connection at all,C · Small or unknown scale,Amaara Networks,DC developer / operator,Pure-play data center,,,,,,1,,,,,Clockwork / research,amaara-networks
no connection at all,C · Small or unknown scale,Ambience Healthcare,NeoCloud / AI infra,Pure-play data center,"San Francisco, California, United States",United States,201-500,,,,,,https://www.ambiencehealthcare.com/,https://www.linkedin.com/company/ambiencehealthcare/,Data Centre Developer,ambience-healthcare
no connection at all,C · Small or unknown scale,Amp Energy,Energy developer / utility,Energy / utility,Toronto,Toronto,51-200,,,,,,https://www.ampenergy.com,https://www.linkedin.com/company/amp-energy/,Energy Developer,amp-energy
no connection at all,C · Small or unknown scale,Amp Z,DC developer / operator,Energy / utility,,,,,,2,1,,,,Clockwork / research,amp-z
no connection at all,C · Small or unknown scale,Anza Renewables,Energy developer / utility,Energy / utility,"San Francisco, California",California,11 to 50,,,,,,https://www.anzarenewables.com,https://www.linkedin.com/company/anza-renewables/,Energy Developer,anza-renewables
no connection at all,C · Small or unknown scale,Apex Solar,Energy developer / utility,Energy / utility,"Charlottesville, Virginia",Virginia,201-500,,,,,,https://www.apexcleanenergy.com,https://www.linkedin.com/company/apex-clean-energy/,Energy Developer,apex-solar
no connection at all,C · Small or unknown scale,APL expert en data centers,DC developer / operator,Construction / engineering,,,,,,1,,,,,Clockwork / research,apl-expert-en-data-centers
no connection at all,C · Small or unknown scale,Aspen Power,Energy developer / utility,Energy / utility,"Houston, Texas",Texas,11 to 50,,,2,,,https://www.aspenpowerpartners.com,https://www.linkedin.com/company/aspen-power/,Energy Developer,aspen-power
no connection at all,C · Small or unknown scale,Atmosphere Conservancy,Energy developer / utility,Energy / utility,"Denver, Colorado",Colorado,1-10,,,,,,,,Energy Developer,atmosphere-conservancy
no connection at all,C · Small or unknown scale,Austin Industries,General contractor,Construction / engineering,,,,,,,,,,https://www.linkedin.com/company/austin-industries,General Contractors USA,austin-industries
no connection at all,C · Small or unknown scale,Bali Construction Inc.,General contractor,Construction / engineering,,,,,,,,,,https://www.linkedin.com/company/bali-construction-inc/,General Contractors USA,bali-construction-inc
no connection at all,C · Small or unknown scale,Barry-Wehmiller Design Group,General contractor,Construction / engineering,,,,,,,,,,https://www.linkedin.com/company/barry-wehmiller-design-group/,General Contractors USA,barry-wehmiller-design-group
no connection at all,C · Small or unknown scale,BayWa r.e.,Energy developer / utility,Energy / utility,"Minneapolis, Minnesota",Minnesota,201-500,,,,,,https://www.baywa-re.com,https://www.linkedin.com/company/baywa-r.e./,Energy Developer,baywa-r-e
no connection at all,C · Small or unknown scale,Beacon Capital Partners,Real estate & industrial developer,Real estate / industrial,"Boston, Massachusetts",Massachusetts,51-200,,,1,,,https://www.beaconcapital.com,https://www.linkedin.com/company/beacon-capital-partners/,Real Estate Developers USA,beacon-capital-partners
no connection at all,C · Small or unknown scale,Belltown Power,Energy developer / utility,Energy / utility,"Dallas, Texas",Texas,11 to 50,,,1,,,https://www.belltownpower.com,https://www.linkedin.com/company/belltown-power/,Energy Developer,belltown-power
no connection at all,C · Small or unknown scale,"Bjork Construction Company, Inc.",General contractor,Construction / engineering,,,,,,,,,,https://www.linkedin.com/company/bjork-construction-company-inc-/,General Contractors USA,bjork-construction-company-inc
no connection at all,C · Small or unknown scale,Blach Construction Company,General contractor,Construction / engineering,,,,,,2,,,,https://www.linkedin.com/company/blach-construction-company,General Contractors USA,blach-construction-company
no connection at all,C · Small or unknown scale,Black Creek Group,Real estate & industrial developer,Real estate / industrial,"Denver, Colorado",Colorado,201-500,,,1,,,https://www.blackcreekgroup.com,https://www.linkedin.com/company/black-creek-group/,Real Estate Developers USA,black-creek-group
no connection at all,C · Small or unknown scale,Bluescope Construction,General contractor,Construction / engineering,,,,,,,,,,,General Contractors USA,bluescope-construction
no connection at all,C · Small or unknown scale,BlueWave Solar,Energy developer / utility,Energy / utility,"Boston, Massachusetts",Massachusetts,51-200,,,,,,https://www.bluewavesolar.com,https://www.linkedin.com/company/bluewave-solar/,Energy Developer,bluewave-solar
no connection at all,C · Small or unknown scale,Borrego Solar Systems,Energy developer / utility,Energy / utility,"San Diego, California",California,201-500,,,,,,https://www.borregosolar.com,https://www.linkedin.com/company/borrego-solar/,Energy Developer,borrego-solar-systems
no connection at all,C · Small or unknown scale,Broad Reach Power,Energy developer / utility,Energy / utility,"Houston, Texas",Texas,51-200,,,,,,https://www.broadreachpower.com,https://www.linkedin.com/company/broad-reach-power/,Energy Developer,broad-reach-power
no connection at all,C · Small or unknown scale,Buildings By Design,General contractor,Construction / engineering,,,,,,1,,,,https://www.linkedin.com/company/buildings-by-design/,General Contractors USA,buildings-by-design
no connection at all,C · Small or unknown scale,Bureau Veritas Primary Integration,General contractor,Construction / engineering,,,,,,,,,,https://www.linkedin.com/company/bureau-veritas-primary-integration,General Contractors USA,bureau-veritas-primary-integration
no connection at all,C · Small or unknown scale,Bush Construction,General contractor,Construction / engineering,,,,,,,,,,https://www.linkedin.com/company/bush-construction/,General Contractors USA,bush-construction
no connection at all,C · Small or unknown scale,C.W. Driver Companies,General contractor,Construction / engineering,,,,,,,,,,https://www.linkedin.com/company/cwdrivercompanies/,General Contractors USA,c-w-driver-companies
no connection at all,C · Small or unknown scale,Cactus Sky Civil Engineers,Civil / land engineering,Construction / engineering,"Phoenix, Arizona",Arizona,11 to 50,,,,,,https://www.cactussky.com,https://www.linkedin.com/company/cactus-sky/,Civil Land Developers,cactus-sky-civil-engineers
no connection at all,C · Small or unknown scale,Cahill Contractors,General contractor,Construction / engineering,,,,,,,,,,https://www.linkedin.com/company/cahill-contractors/,General Contractors USA,cahill-contractors
no connection at all,C · Small or unknown scale,"Calcon Constructors, Inc.",General contractor,Construction / engineering,,,,,,2,,,,https://www.linkedin.com/company/calcon-constructors-inc./,General Contractors USA,calcon-constructors-inc
no connection at all,C · Small or unknown scale,"Centerre Construction, Inc.",General contractor,Construction / engineering,,,,,,1,,,,https://www.linkedin.com/company/centerreconstruction/,General Contractors USA,centerre-construction-inc
no connection at all,C · Small or unknown scale,Cerebras,DC developer / operator,Pure-play data center,,,,,,2,,,,,Clockwork / research,cerebras
no connection at all,C · Small or unknown scale,CF DC Consultancy,DC developer / operator,Construction / engineering,,,,,,1,,,,,Clockwork / research,cf-dc-consultancy
no connection at all,C · Small or unknown scale,Choate Construction,General contractor,Construction / engineering,,,,,,2,,,,,General Contractors USA,choate-construction
no connection at all,C · Small or unknown scale,Christopher Consultants (if not already in your final),Civil / land engineering,Construction / engineering,"Manassas, Virginia",Virginia,,,,,,,,,Civil Land Developers,christopher-consultants
no connection at all,C · Small or unknown scale,Circle Industrial,Real estate & industrial developer,Real estate / industrial,"Atlanta, Georgia",Georgia,51-200,,,,,,https://www.circleindustrial.com,https://www.linkedin.com/company/circle-industrial/,Real Estate Developers USA,circle-industrial
no connection at all,C · Small or unknown scale,Clarion Partners,Real estate & industrial developer,Real estate / industrial,"New York, New York",New York,201-500,,,,,,https://www.clarionpartners.com,https://www.linkedin.com/company/clarion-partners/,Real Estate Developers USA,clarion-partners
no connection at all,C · Small or unknown scale,Clark Condon,Civil / land engineering,Construction / engineering,"Houston, Texas",Texas,51 to 200,,,,,,https://clarkcondon.com/,https://www.linkedin.com/company/clark-condon/,Civil Land Developers,clark-condon
no connection at all,C · Small or unknown scale,Clean Energy Collective,Energy developer / utility,Energy / utility,"Louisville, Colorado",Colorado,51-200,,,,,,https://www.easycleanenergy.com,https://www.linkedin.com/company/clean-energy-collective/,Energy Developer,clean-energy-collective
no connection at all,C · Small or unknown scale,CleanCapital,Energy developer / utility,Energy / utility,New York,New York,11 to 50,,,2,,,https://www.cleancapital.com,https://www.linkedin.com/company/cleancapital/,Energy Developer,cleancapital
no connection at all,C · Small or unknown scale,Cole & Associates,Civil / land engineering,Construction / engineering,"Columbia, Missouri",Missouri,51 to 200,,,1,,,https://www.coleengineers.com,https://www.linkedin.com/company/cole-&-associates/,Civil Land Developers,cole-associates
no connection at all,C · Small or unknown scale,Computacenter,DC developer / operator,Conglomerate,,,,,,1,,,,,Clockwork / research,computacenter
no connection at all,C · Small or unknown scale,Comunale Properties,Real estate & industrial developer,Real estate / industrial,"Pleasanton, California",California,11-50,,,1,,,https://www.comunaleproperties.com,https://www.linkedin.com/company/comunale-properties/,Real Estate Developers USA,comunale-properties
no connection at all,C · Small or unknown scale,Con Edison Clean Energy Businesses,Energy developer / utility,Energy / utility,"Valhalla, New York",New York,201-500,,,,,,https://www.conedbusiness.com,https://www.linkedin.com/company/consolidated-edison/,Energy Developer,con-edison-clean-energy-businesses
no connection at all,C · Small or unknown scale,Conestoga Cold Storage,Real estate & industrial developer,Real estate / industrial,"Breslau, Ontario",Ontario,201-500,,,,,,https://www.conestogacoldstorage.com,https://www.linkedin.com/company/conestoga-cold-storage/,Cold Storage & Industrial Developers,conestoga-cold-storage
no connection at all,C · Small or unknown scale,Convergent Energy + Power,Energy developer / utility,Energy / utility,New York,New York,51-200,,,,,,https://www.convergentep.com,https://www.linkedin.com/company/convergent-energy-and-power/,Energy Developer,convergent-energy-power
no connection at all,C · Small or unknown scale,CORE Electric Cooperative,Energy developer / utility,Energy / utility,"Sedalia, Colorado",Colorado,201-500,,,1,,,https://www.core.coop,https://www.linkedin.com/company/core-electric-cooperative/,Energy Developer,core-electric-cooperative
no connection at all,C · Small or unknown scale,Coreslab Structures,Civil / land engineering,Construction / engineering,"Hartford, Connecticut",Connecticut,201 to 500,,,,,,https://www.coreslab.com,https://www.linkedin.com/company/coreslab-structures/,Civil Land Developers,coreslab-structures
no connection at all,C · Small or unknown scale,Corning,NeoCloud / AI infra,Pure-play data center,"New York City, New York, United States",United States,10001,,,,,,https://www.corning.com/,https://www.linkedin.com/company/corning-incorporated/,Data Centre Developer,corning
no connection at all,C · Small or unknown scale,"Costello, Inc.",Civil / land engineering,Construction / engineering,"Houston, Texas",Texas,,,,,,,,,Civil Land Developers,costello-inc
no connection at all,C · Small or unknown scale,CrossHarbor Capital Partners,Real estate & industrial developer,Real estate / industrial,"Boston, Massachusetts",Massachusetts,51-200,,,,,,https://www.crossharborcapital.com,https://www.linkedin.com/company/crossharbor-capital-partners/,Real Estate Developers USA,crossharbor-capital-partners
no connection at all,C · Small or unknown scale,Crossland Construction Company,General contractor,Construction / engineering,,,,,,1,,,,,General Contractors USA,crossland-construction-company
no connection at all,C · Small or unknown scale,D+H Construction,General contractor,Construction / engineering,,,,,,,,,,https://www.linkedin.com/company/d-and-h-construction/,General Contractors USA,d-h-construction
no connection at all,C · Small or unknown scale,Dakota Power Partners,Energy developer / utility,Energy / utility,"Bismarck, North Dakota",North Dakota,11 to 50,,,,,,https://www.dakotapowerpartners.com,https://www.linkedin.com/company/dakota-power-partners/,Energy Developer,dakota-power-partners
no connection at all,C · Small or unknown scale,Decision Advisory Group,DC developer / operator,Construction / engineering,,,,,,1,,,,,Clockwork / research,decision-advisory-group
no connection at all,C · Small or unknown scale,Delta-Montrose Electric Association,Energy developer / utility,Energy / utility,"Montrose, Colorado",Colorado,51-200,,,,,,https://www.dmea.com,,Energy Developer,delta-montrose-electric-association
no connection at all,C · Small or unknown scale,Devcon Construction,General contractor,Construction / engineering,,,,,,,,,,https://www.linkedin.com/company/devcon-construction/,General Contractors USA,devcon-construction
no connection at all,C · Small or unknown scale,DIG Engineers,Civil / land engineering,Construction / engineering,New York,New York,1 to 10,,,1,,,https://www.digengineers.com,https://www.linkedin.com/company/dig-engineers/,Civil Land Developers,dig-engineers
no connection at all,C · Small or unknown scale,Digihost (Digi Power X),Cryptomining pivot,Pure-play data center,,,,,,,,,,,Clockwork / research,digihost
no connection at all,C · Small or unknown scale,Dimension Energy,Energy developer / utility,Energy / utility,"Atlanta, Georgia",Georgia,11 to 50,,,1,,,https://www.dimensionenergy.com,https://www.linkedin.com/company/dimension-energy/,Energy Developer,dimension-energy
no connection at all,C · Small or unknown scale,Dohn Construction,General contractor,Construction / engineering,,,,,,1,,,,https://www.linkedin.com/company/dohnconstruction/,General Contractors USA,dohn-construction
no connection at all,C · Small or unknown scale,Dome Construction,General contractor,Construction / engineering,,,,,,,,,,https://www.linkedin.com/company/dome-construction/,General Contractors USA,dome-construction
no connection at all,C · Small or unknown scale,Draper Aden Associates,Civil / land engineering,Construction / engineering,"Blacksburg, Virginia",Virginia,201 to 500,,,,,,https://www.daa.com,https://www.linkedin.com/company/draper-aden-associates/,Civil Land Developers,draper-aden-associates
no connection at all,C · Small or unknown scale,DSD Renewables,Energy developer / utility,Energy / utility,New York,New York,51-200,,,1,,,https://www.dsdrenewables.com,https://www.linkedin.com/company/dsd-renewables/,Energy Developer,dsd-renewables
no connection at all,C · Small or unknown scale,ECC,General contractor,Construction / engineering,,,,,,1,,,,https://www.linkedin.com/company/ecc/,General Contractors USA,ecc
no connection at all,C · Small or unknown scale,EDF Distributed Solutions,Energy developer / utility,Energy / utility,"San Diego, California",California,51-200,,,,,,https://www.edf-re.com,https://www.linkedin.com/company/edf-renewables-north-america/,Energy Developer,edf-distributed-solutions
no connection at all,C · Small or unknown scale,EDGNEX,DC developer / operator,Real estate / industrial,,,,,,1,,,,,Clockwork / research,edgnex
no connection at all,C · Small or unknown scale,EHRA Engineering,Civil / land engineering,Construction / engineering,"Houston, Texas",Texas,201 to 500,,,,,,https://ehra.team/,https://www.linkedin.com/company/ehraengineering/,Civil Land Developers,ehra-engineering
no connection at all,C · Small or unknown scale,"Eleven Western Builders, Inc.",General contractor,Construction / engineering,,,,,,,,,,https://www.linkedin.com/company/eleven-western-builders-inc-/,General Contractors USA,eleven-western-builders-inc
no connection at all,C · Small or unknown scale,Empire Electric Association,Energy developer / utility,Energy / utility,"Cortez, Colorado",Colorado,11 to 50,,,,,,https://www.empiredistrict.com,,Energy Developer,empire-electric-association
no connection at all,C · Small or unknown scale,Enbala,Energy developer / utility,Energy / utility,Vancouver,Vancouver,51-200,,,,,,https://www.enbala.com,https://www.linkedin.com/company/enbala/,Energy Developer,enbala
no connection at all,C · Small or unknown scale,Encore Renewable Energy,Energy developer / utility,Energy / utility,"Burlington, Vermont",Vermont,51-200,,,2,,,https://www.encorerenewable.com,https://www.linkedin.com/company/encore-renewable-energy/,Energy Developer,encore-renewable-energy
no connection at all,C · Small or unknown scale,Energy Vault development team,Energy developer / utility,Energy / utility,"Westlake Village, California",California,201-500,,,,,,https://www.energyvault.com,https://www.linkedin.com/company/energy-vault/,Energy Developer,energy-vault-development-team
no connection at all,C · Small or unknown scale,Enfinite,Energy developer / utility,Energy / utility,"Austin, Texas",Texas,11 to 50,,,,,,https://www.enfinite.com,https://www.linkedin.com/company/enfinite/,Energy Developer,enfinite
no connection at all,C · Small or unknown scale,Eolian,Energy developer / utility,Energy / utility,"Austin, Texas",Texas,11 to 50,,,2,,,https://www.eolian.com,https://www.linkedin.com/company/eolian-lp/,Energy Developer,eolian
no connection at all,C · Small or unknown scale,EQT Exeter,Real estate & industrial developer,Real estate / industrial,"Radnor, Pennsylvania",Pennsylvania,201-500,,,,,,https://www.eqtexeter.com,https://www.linkedin.com/company/eqt-exeter/,Real Estate Developers USA,eqt-exeter
no connection at all,C · Small or unknown scale,ESA Solar,Energy developer / utility,Energy / utility,"Portland, Oregon",Oregon,11 to 50,,,,,,https://www.esasolar.com,https://www.linkedin.com/company/esa-solar/,Energy Developer,esa-solar
no connection at all,C · Small or unknown scale,esVolta,Energy developer / utility,Energy / utility,"Newport Beach, California",California,11 to 50,,,,,,https://www.esvolta.com,https://www.linkedin.com/company/esvolta/,Energy Developer,esvolta
no connection at all,C · Small or unknown scale,Executive Construction Inc.,General contractor,Construction / engineering,,,,,,,,,,https://www.linkedin.com/company/executive-construction-inc.,General Contractors USA,executive-construction-inc
no connection at all,C · Small or unknown scale,Faith Technologies,General contractor,Construction / engineering,,,,,,1,,,,https://www.linkedin.com/company/faith-technologies-inc-/,General Contractors USA,faith-technologies
no connection at all,C · Small or unknown scale,Ferrovial,DC developer / operator,Construction / engineering,,,,,,1,,,,,Clockwork / research,ferrovial
no connection at all,C · Small or unknown scale,Figure AI,NeoCloud / AI infra,Pure-play data center,"San Jose, California, United States",United States,201-500,,,,,,https://www.figure.ai/,https://www.linkedin.com/company/figure-ai/,Data Centre Developer,figure-ai
no connection at all,C · Small or unknown scale,Fite Building Company,General contractor,Construction / engineering,,,,,,,,,,https://www.linkedin.com/company/fite-building-company/,General Contractors USA,fite-building-company
no connection at all,C · Small or unknown scale,Forgen,General contractor,Construction / engineering,,,,,,,,,,https://www.linkedin.com/company/forgen/,General Contractors USA,forgen
no connection at all,C · Small or unknown scale,Fort Collins Utilities,Energy developer / utility,Energy / utility,"Fort Collins, Colorado",Colorado,201-500,,,,,,https://www.fcgov.com/utilities,https://www.linkedin.com/company/city-of-fort-collins/,Energy Developer,fort-collins-utilities
no connection at all,C · Small or unknown scale,Fransen Pittman Construction,General contractor,Construction / engineering,,,,,,2,,,,https://www.linkedin.com/company/fransen-pittman-construction/,General Contractors USA,fransen-pittman-construction
no connection at all,C · Small or unknown scale,Freedom Solar Power Utility team,Energy developer / utility,Energy / utility,"Austin, Texas",Texas,201-500,,,,,,https://www.freedomsolarpower.com,https://www.linkedin.com/company/freedom-solar-power/,Energy Developer,freedom-solar-power-utility-team
no connection at all,C · Small or unknown scale,Galehead Development,Energy developer / utility,Energy / utility,New York,New York,11 to 50,,,1,,,https://www.galeheaddevelopment.com,https://www.linkedin.com/company/galehead-development/,Energy Developer,galehead-development
no connection at all,C · Small or unknown scale,GlenStar Properties,Real estate & industrial developer,Real estate / industrial,"Chicago, Illinois",Illinois,51-200,,,,,,https://www.glenstar.com,https://www.linkedin.com/company/glenstar-properties/,Real Estate Developers USA,glenstar-properties
no connection at all,C · Small or unknown scale,GlidePath Power Solutions,Energy developer / utility,Energy / utility,"Buffalo, New York",New York,51-200,,,,,,https://www.glidepathenergy.com,https://www.linkedin.com/company/glidepath/,Energy Developer,glidepath-power-solutions
no connection at all,C · Small or unknown scale,Gorove Slade,Civil / land engineering,Construction / engineering,"Fairfax, Virginia",Virginia,51 to 200,,,,,,https://goroveslade.com/,https://www.linkedin.com/company/goroveslade-associates-inc./,Civil Land Developers,gorove-slade
no connection at all,C · Small or unknown scale,Grand Valley Power,Energy developer / utility,Energy / utility,"Grand Junction, Colorado",Colorado,11 to 50,,,,,,https://www.grandvalleypower.com,,Energy Developer,grand-valley-power
no connection at all,C · Small or unknown scale,Granite Construction,General contractor,Construction / engineering,,,,,,2,,,,https://www.linkedin.com/company/granite-construction/,General Contractors USA,granite-construction
no connection at all,C · Small or unknown scale,Granite Properties,Real estate & industrial developer,Real estate / industrial,"Dallas, Texas",Texas,201-500,,,2,,,https://www.graniteproperties.com,https://www.linkedin.com/company/granite-properties/,Real Estate Developers USA,granite-properties
no connection at all,C · Small or unknown scale,Gray Civil,Civil / land engineering,Construction / engineering,"Austin, Texas",Texas,51 to 200,,,,,,https://www.gray-civil.com,https://www.linkedin.com/company/graycivil/,Civil Land Developers,gray-civil
no connection at all,C · Small or unknown scale,Greenbacker Renewable Energy,Energy developer / utility,Energy / utility,New York,New York,51-200,,,,,,https://www.greenbackercapital.com,https://www.linkedin.com/company/greenbacker-renewable-energy-company/,Energy Developer,greenbacker-renewable-energy
no connection at all,C · Small or unknown scale,Greenfield Partners,Real estate & industrial developer,Real estate / industrial,"Westport, Connecticut",Connecticut,11-50,,,,,,https://www.greenfieldpartners.com,https://www.linkedin.com/company/greenfield-partners/,Real Estate Developers USA,greenfield-partners
no connection at all,C · Small or unknown scale,GreenGo Energy,Energy developer / utility,Energy / utility,Copenhagen,Copenhagen,51-200,,,,,,https://www.greengo.energy,https://www.linkedin.com/company/greengo-energy/,Energy Developer,greengo-energy
no connection at all,C · Small or unknown scale,Greenlight Data Centers,DC developer / operator,Pure-play data center,,,,,,1,,,,,Clockwork / research,greenlight-data-centers
no connection at all,C · Small or unknown scale,Grid Alternatives Colorado,Energy developer / utility,Energy / utility,"Denver, Colorado",Colorado,51-200,,,,,,https://www.gridalternatives.org,https://www.linkedin.com/company/grid-alternatives/,Energy Developer,grid-alternatives-colorado
no connection at all,C · Small or unknown scale,Grounded Engineering,Civil / land engineering,Construction / engineering,"Ashburn, Virginia",Virginia,11 to 50,,,,,,https://www.groundedengineering.com,,Civil Land Developers,grounded-engineering
no connection at all,C · Small or unknown scale,GTC,General contractor,Construction / engineering,,,,,,1,,,,https://www.linkedin.com/company/goldentriangleconstruction/,General Contractors USA,gtc
no connection at all,C · Small or unknown scale,Gunnison County Electric Association,Energy developer / utility,Energy / utility,"Gunnison, Colorado",Colorado,11 to 50,,,,,,https://www.gcea.coop,,Energy Developer,gunnison-county-electric-association
no connection at all,C · Small or unknown scale,Guzman Energy,Energy developer / utility,Energy / utility,"Denver, Colorado",Colorado,51-200,,,1,,,https://www.guzmanenergy.com,https://www.linkedin.com/company/guzman-energy/,Energy Developer,guzman-energy
no connection at all,C · Small or unknown scale,GWRE,DC developer / operator,Pure-play data center,,,,,,1,,,,,Clockwork / research,gwre
no connection at all,C · Small or unknown scale,Hanson Professional Services,Civil / land engineering,Construction / engineering,"Springfield, Illinois",Illinois,201 to 500,,,1,,,https://www.hanson-inc.com,https://www.linkedin.com/company/hanson-professional-services/,Civil Land Developers,hanson-professional-services
no connection at all,C · Small or unknown scale,"Harris Construction Co., Inc.",General contractor,Construction / engineering,,,,,,1,,,,https://www.linkedin.com/company/harris-construction-co/,General Contractors USA,harris-construction-co-inc
no connection at all,C · Small or unknown scale,Hathaway Dinwiddie,General contractor,Construction / engineering,,,,,,1,,,,https://www.linkedin.com/company/hathaway-dinwiddie/,General Contractors USA,hathaway-dinwiddie
no connection at all,C · Small or unknown scale,Hathaway Dinwiddie Construction,Real estate & industrial developer,Real estate / industrial,"San Francisco, California",California,201-500,,,,,,https://www.hdcco.com,https://www.linkedin.com/company/hathaway-dinwiddie-construction-company/,Real Estate Developers USA,hathaway-dinwiddie-construction
no connection at all,C · Small or unknown scale,Hecate Grid,Energy developer / utility,Energy / utility,"Chicago, Illinois",Illinois,11 to 50,,,1,,,https://www.hecategrid.com,https://www.linkedin.com/company/hecate-grid/,Energy Developer,hecate-grid
no connection at all,C · Small or unknown scale,Heim Datacenter,DC developer / operator,Pure-play data center,"Stockholm, Sweden",Sweden,1 to 10,,,1,,,https://www.heimdatacenter.com/,https://www.linkedin.com/company/heim-datacenter/,Data Centre Developer,heim-datacenter
no connection at all,C · Small or unknown scale,Henningsen Cold Storage,Real estate & industrial developer,Real estate / industrial,"Portland, Oregon",Oregon,201-500,,,,,,https://www.henningsencold.com,https://www.linkedin.com/company/henningsen-cold-storage/,Cold Storage & Industrial Developers,henningsen-cold-storage
no connection at all,C · Small or unknown scale,Highline Electric Association,Energy developer / utility,Energy / utility,"Holyoke, Colorado",Colorado,11 to 50,,,,,,https://www.highlineelectric.com,,Energy Developer,highline-electric-association
no connection at all,C · Small or unknown scale,Holy Cross Energy,Energy developer / utility,Energy / utility,"Glenwood Springs, Colorado",Colorado,201-500,,,,,,https://www.holycross.com,https://www.linkedin.com/company/holy-cross-energy/,Energy Developer,holy-cross-energy
no connection at all,C · Small or unknown scale,"HPM, Inc. - HPM Contracting",General contractor,Construction / engineering,,,,,,1,,,,https://www.linkedin.com/company/hpm-contracting/,General Contractors USA,hpm-inc-hpm-contracting
no connection at all,C · Small or unknown scale,Hunter Roberts Construction,General contractor,Construction / engineering,,,,,,1,,,,,General Contractors USA,hunter-roberts-construction
no connection at all,C · Small or unknown scale,Hydrostor U.S. development team,Energy developer / utility,Energy / utility,"Toronto, Ontario",Ontario,51-200,,,,,,https://www.hydrostor.ca,https://www.linkedin.com/company/hydrostor/,Energy Developer,hydrostor-u-s-development-team
no connection at all,C · Small or unknown scale,IDS Engineering Group,Civil / land engineering,Construction / engineering,"Houston, Texas",Texas,51 to 200,,,,,,https://www.idseg.com/,https://www.linkedin.com/company/ids-engineering-group/,Civil Land Developers,ids-engineering-group
no connection at all,C · Small or unknown scale,Ignite Renewables,Energy developer / utility,Energy / utility,"Austin, Texas",Texas,11 to 50,,,,,,https://www.igniterenewables.com,https://www.linkedin.com/company/ignite-renewables/,Energy Developer,ignite-renewables
no connection at all,C · Small or unknown scale,Industrial Project Innovation,General contractor,Construction / engineering,,,,,,,,,,https://www.linkedin.com/company/industrial-project-innovation-llc,General Contractors USA,industrial-project-innovation
no connection at all,C · Small or unknown scale,Infrawatt Development,DC developer / operator,Pure-play data center,,,,,,1,,,,,Clockwork / research,infrawatt-development
no connection at all,C · Small or unknown scale,Intel,NeoCloud / AI infra,Pure-play data center,"Santa Clara, California, United States",United States,10001,,,1,,,https://www.intel.com/content/www/us/en/homepage.html,https://www.linkedin.com/company/intel-corporation/,Data Centre Developer,intel
no connection at all,C · Small or unknown scale,Intermountain Rural Electric Association,Energy developer / utility,Energy / utility,"Sedalia, Colorado",Colorado,201-500,,,,,,https://www.intermountain-rea.com,,Energy Developer,intermountain-rural-electric-association
no connection at all,C · Small or unknown scale,IRG Data,DC developer / operator,Pure-play data center,"Gaithersburg, Maryland, United States",United States,1 to 10,,,2,,,https://irgdata.com/,https://www.linkedin.com/company/irgdata/,Data Centre Developer,irg-data
no connection at all,C · Small or unknown scale,"J.R. Filanc Construction Company, Inc.",General contractor,Construction / engineering,,,,,,,,,,https://www.linkedin.com/company/filanc/,General Contractors USA,j-r-filanc-construction-company-inc
no connection at all,C · Small or unknown scale,J.T. Magen & Company Inc.,General contractor,Construction / engineering,,,,,,,,,,https://www.linkedin.com/company/jtmagen,General Contractors USA,j-t-magen-company-inc
no connection at all,C · Small or unknown scale,J.W. Fowler,General contractor,Construction / engineering,,,,,,,,,,https://www.linkedin.com/company/jwfowler/,General Contractors USA,j-w-fowler
no connection at all,C · Small or unknown scale,Jaynes Corporation,General contractor,Construction / engineering,,,,,,1,,,,https://www.linkedin.com/company/jaynes-corporation/,General Contractors USA,jaynes-corporation
no connection at all,C · Small or unknown scale,"Joeris General Contractors, LLC",General contractor,Construction / engineering,,,,,,2,,,,https://www.linkedin.com/company/joeris-general-contractors-ltd/,General Contractors USA,joeris-general-contractors-llc
no connection at all,C · Small or unknown scale,Jordy Construction,General contractor,Construction / engineering,,,,,,,,,,https://www.linkedin.com/company/jordy-construction/,General Contractors USA,jordy-construction
no connection at all,C · Small or unknown scale,Joseph J. Albanese,General contractor,Construction / engineering,,,,,,1,,,,https://www.linkedin.com/company/josephjalbaneseinc/,General Contractors USA,joseph-j-albanese
no connection at all,C · Small or unknown scale,K Friese + Associates,Civil / land engineering,Construction / engineering,"Austin, Texas",Texas,11 to 50,,,,,,http://www.kfriese.com/,https://www.linkedin.com/company/k-friese-&-associates-inc./,Civil Land Developers,k-friese-associates
no connection at all,C · Small or unknown scale,"KCI Technologies, Inc.",General contractor,Construction / engineering,,,,,,,,,,https://www.linkedin.com/company/kci-technologies-inc-,General Contractors USA,kci-technologies-inc
no connection at all,C · Small or unknown scale,KDC Real Estate Development & Investments,DC developer / operator,Pure-play data center,,,,,,1,,,,,Clockwork / research,kdc-real-estate-development-investments
no connection at all,C · Small or unknown scale,"Kemp Bros. Construction, Inc.",General contractor,Construction / engineering,,,,,,,,,,https://www.linkedin.com/company/kempbrosconstruction/,General Contractors USA,kemp-bros-construction-inc
no connection at all,C · Small or unknown scale,Kirkman Engineering,Civil / land engineering,Construction / engineering,"Fort Worth, Texas",Texas,11 to 50,,,1,,,https://www.kirkmanengineering.com,https://www.linkedin.com/company/kirkman-engineering/,Civil Land Developers,kirkman-engineering
no connection at all,C · Small or unknown scale,"KPRS Construction Services, Inc.",General contractor,Construction / engineering,,,,,,,,,,https://www.linkedin.com/company/kprs-construction-services-inc./,General Contractors USA,kprs-construction-services-inc
no connection at all,C · Small or unknown scale,Kraus-Anderson,General contractor,Construction / engineering,,,,,,1,,,,https://www.linkedin.com/company/kraus-anderson-construction-company,General Contractors USA,kraus-anderson
no connection at all,C · Small or unknown scale,KRIOS Infrastructure,DC developer / operator,Pure-play data center,,,,,,1,,,,,Clockwork / research,krios-infrastructure
no connection at all,C · Small or unknown scale,KSA Engineers,Civil / land engineering,Construction / engineering,"Longview, Texas",Texas,51 to 200,,,,,,http://www.ksaeng.com/,https://www.linkedin.com/company/ksa-engineers/,Civil Land Developers,ksa-engineers
no connection at all,C · Small or unknown scale,La Plata Electric Association,Energy developer / utility,Energy / utility,"Durango, Colorado",Colorado,51-200,,,,,,https://www.lpea.coop,,Energy Developer,la-plata-electric-association
no connection at all,C · Small or unknown scale,Landmark Engineering,Civil / land engineering,Construction / engineering,"Houston, Texas",Texas,51 to 200,,,2,,,https://www.landmark-engineering.com,https://www.linkedin.com/company/landmark-engineering/,Civil Land Developers,landmark-engineering
no connection at all,C · Small or unknown scale,Landscot,Civil / land engineering,Construction / engineering,"Houston, Texas",Texas,,,,,,,https://landscot.com,,Civil Land Developers,landscot
no connection at all,C · Small or unknown scale,LBA Logistics,Real estate & industrial developer,Real estate / industrial,"Irvine, California",California,51-200,,,1,,,https://www.lbalogistics.com,https://www.linkedin.com/company/lba-realty/,Real Estate Developers USA,lba-logistics
no connection at all,C · Small or unknown scale,LeChase Construction,General contractor,Construction / engineering,,,,,,,,,,https://www.linkedin.com/company/lechase-construction/,General Contractors USA,lechase-construction
no connection at all,C · Small or unknown scale,Leeward Energy,Energy developer / utility,Energy / utility,"Dallas, Texas",Texas,51-200,,,,,,https://www.leewardenergy.com,https://www.linkedin.com/company/leeward-renewable-energy/,Energy Developer,leeward-energy
no connection at all,C · Small or unknown scale,Lentz Engineering,Civil / land engineering,Construction / engineering,"Houston, Texas",Texas,1 to 10,,,,,,https://lentzengineering.com,https://www.linkedin.com/company/lentz-engineering-l-c-/about/,Civil Land Developers,lentz-engineering
no connection at all,C · Small or unknown scale,Level 10 Construction,General contractor,Construction / engineering,,,,,,1,,,,https://www.linkedin.com/company/level-10-construction/,General Contractors USA,level-10-construction
no connection at all,C · Small or unknown scale,LightHouse Data Centers,DC developer / operator,Pure-play data center,,,,,,1,,,,,Clockwork / research,lighthouse-data-centers
no connection at all,C · Small or unknown scale,Lockwood Andrews & Newnam OR LAN,Civil / land engineering,Construction / engineering,"Houston, Texas",Texas,201 to 500,,,,,,https://www.lan-inc.com,https://www.linkedin.com/company/lockwood-andrews-&-newnam-inc/?viewAsMember=true,Civil Land Developers,lockwood-andrews-newnam-or-lan
no connection at all,C · Small or unknown scale,Longpoint Realty Partners,Real estate & industrial developer,Real estate / industrial,"Boston, Massachusetts",Massachusetts,51-200,,,,,,https://www.longpointrealty.com,https://www.linkedin.com/company/longpoint-realty-partners/,Real Estate Developers USA,longpoint-realty-partners
no connection at all,C · Small or unknown scale,Lynn Engineering,Civil / land engineering,Construction / engineering,"Dallas, Texas",Texas,51 to 200,,,,,,https://www.lynn-engineering.com,https://www.linkedin.com/company/lynn-engineering/,Civil Land Developers,lynn-engineering
no connection at all,C · Small or unknown scale,Magnusson Klemencic Associates,Civil / land engineering,Construction / engineering,"Seattle, Washington",Washington,201 to 500,,,,,,https://www.mka.com,https://www.linkedin.com/company/magnusson-klemencic-associates/,Civil Land Developers,magnusson-klemencic-associates
no connection at all,C · Small or unknown scale,maincubes Secure Datacenters,DC developer / operator,Pure-play data center,,,,,,2,,,,,Clockwork / research,maincubes-secure-datacenters
no connection at all,C · Small or unknown scale,MatchPointDC,DC developer / operator,Construction / engineering,,,,,,1,,,,,Clockwork / research,matchpointdc
no connection at all,C · Small or unknown scale,McAdams,Civil / land engineering,Construction / engineering,"Durham, North Carolina",North Carolina,201 to 500,,,,,,https://www.mcadamsco.com,https://www.linkedin.com/company/mcadams/,Civil Land Developers,mcadams
no connection at all,C · Small or unknown scale,Messer Construction,General contractor,Construction / engineering,,,,,,,,,,,General Contractors USA,messer-construction
no connection at all,C · Small or unknown scale,Midwest Industrial Funds,Real estate & industrial developer,Real estate / industrial,"Chicago, Illinois",Illinois,11-50,,,,,,https://www.midwestindustrialfunds.com,https://www.linkedin.com/company/midwest-industrial-funds/,Real Estate Developers USA,midwest-industrial-funds
no connection at all,C · Small or unknown scale,Miller Construction,General contractor,Construction / engineering,,,,,,,,,,,General Contractors USA,miller-construction
no connection at all,C · Small or unknown scale,Milo Construction Corporation,General contractor,Construction / engineering,,,,,,,,,,https://www.linkedin.com/company/milo-construction-corporation/,General Contractors USA,milo-construction-corporation
no connection at all,C · Small or unknown scale,Mountain Parks Electric,Energy developer / utility,Energy / utility,"Granby, Colorado",Colorado,11 to 50,,,,,,https://www.mountainparks.org,,Energy Developer,mountain-parks-electric
no connection at all,C · Small or unknown scale,Moy Tarin Ramirez Engineers,Civil / land engineering,Construction / engineering,"Austin, Texas",Texas,11 to 50,,,2,,,https://www.mtrengineers.com,https://www.linkedin.com/company/moy-tarin-ramirez-engineers-llc/,Civil Land Developers,moy-tarin-ramirez-engineers
no connection at all,C · Small or unknown scale,Mulkey Engineers & Consultants,Civil / land engineering,Construction / engineering,"Raleigh, North Carolina",North Carolina,51 to 200,,,,,,https://www.mulkey.net,https://www.linkedin.com/company/mulkey-engineers-consultants/,Civil Land Developers,mulkey-engineers-consultants
no connection at all,C · Small or unknown scale,"MYCON General Contractors, Inc.",General contractor,Construction / engineering,,,,,,1,,,,https://www.linkedin.com/company/mycon-general-contractors-inc-,General Contractors USA,mycon-general-contractors-inc
no connection at all,C · Small or unknown scale,Nabholz Corporation,General contractor,Construction / engineering,,,,,,,,,,https://www.linkedin.com/company/nabholz-corporation/,General Contractors USA,nabholz-corporation
no connection at all,C · Small or unknown scale,Namaste Solar,Energy developer / utility,Energy / utility,"Boulder, Colorado",Colorado,51-200,,,,,,https://www.namastesolar.com,https://www.linkedin.com/company/namaste-solar/,Energy Developer,namaste-solar
no connection at all,C · Small or unknown scale,NDC-GARBE Data Centers Europe,DC developer / operator,Real estate / industrial,,,,,,1,,,,,Clockwork / research,ndc-garbe-data-centers-europe
no connection at all,C · Small or unknown scale,New Energy Equity,Energy developer / utility,Energy / utility,"Annapolis, Maryland",Maryland,51-200,,,2,,,https://www.newenergyequity.com,https://www.linkedin.com/company/new-energy-equity/,Energy Developer,new-energy-equity
no connection at all,C · Small or unknown scale,Nexus Data Centers,DC developer / operator,Pure-play data center,"Texas, United States",United States,11 to 50,,,1,,,https://nexus-datacenters.com/,https://www.linkedin.com/company/nexus-data-centers/,Data Centre Developer,nexus-data-centers
no connection at all,C · Small or unknown scale,NineDot Energy,Energy developer / utility,Energy / utility,New York,New York,51-200,,,,,,https://www.ninedotenergy.com,https://www.linkedin.com/company/ninedot-energy/,Energy Developer,ninedot-energy
no connection at all,C · Small or unknown scale,O-Green Data Centers,DC developer / operator,Pure-play data center,,,,,,1,,,,,Clockwork / research,o-green-data-centers
no connection at all,C · Small or unknown scale,OCI Energy,Energy developer / utility,Energy / utility,"Houston, Texas",Texas,51-200,,,1,,,https://www.ocienergy.com,https://www.linkedin.com/company/oci-energy/,Energy Developer,oci-energy
no connection at all,C · Small or unknown scale,Onyx Renewables,Energy developer / utility,Energy / utility,New York,New York,11 to 50,,,,,,https://www.onyxrenewables.com,https://www.linkedin.com/company/onyx-renewable-partners/,Energy Developer,onyx-renewables
no connection at all,C · Small or unknown scale,Otak,Civil / land engineering,Construction / engineering,"Lake Oswego, Oregon",Oregon,201 to 500,,,1,,,https://www.otak.com,https://www.linkedin.com/company/otak/,Civil Land Developers,otak
no connection at all,C · Small or unknown scale,Overaa Construction,General contractor,Construction / engineering,,,,,,,,,,https://www.linkedin.com/company/overaa/,General Contractors USA,overaa-construction
no connection at all,C · Small or unknown scale,Oxford Cold Storage,Real estate & industrial developer,Real estate / industrial,"Versailles, Indiana",Indiana,201-500,,,,,,https://www.oxfordcold.com,https://www.linkedin.com/company/oxford-cold-storage/,Cold Storage & Industrial Developers,oxford-cold-storage
no connection at all,C · Small or unknown scale,Pepper Construction,General contractor,Construction / engineering,,,,,,2,,,,,General Contractors USA,pepper-construction
no connection at all,C · Small or unknown scale,Peregrine Energy Solutions,Energy developer / utility,Energy / utility,"Austin, Texas",Texas,11 to 50,,,,,,https://www.peregrine.energy,https://www.linkedin.com/company/peregrine-energy-solutions/,Energy Developer,peregrine-energy-solutions
no connection at all,C · Small or unknown scale,Pinkard Construction,General contractor,Construction / engineering,,,,,,1,,,,https://www.linkedin.com/company/pinkard-construction/,General Contractors USA,pinkard-construction
no connection at all,C · Small or unknown scale,Platte River Power Authority,Energy developer / utility,Energy / utility,"Fort Collins, Colorado",Colorado,201-500,,,1,,,https://www.prpa.org,https://www.linkedin.com/company/platte-river-power-authority/,Energy Developer,platte-river-power-authority
no connection at all,C · Small or unknown scale,Poudre Valley Rural Electric Association,Energy developer / utility,Energy / utility,"Estes Park, Colorado",Colorado,51-200,,,,,,https://www.pvrea.coop,,Energy Developer,poudre-valley-rural-electric-association
no connection at all,C · Small or unknown scale,Prime West,Real estate & industrial developer,Real estate / industrial,"Denver, Colorado",Colorado,11-50,,,,,,https://www.primewestinc.com,https://www.linkedin.com/company/prime-west/,Real Estate Developers USA,prime-west
no connection at all,C · Small or unknown scale,Primus Power,Energy developer / utility,Energy / utility,"Hayward, California",California,51-200,,,,,,https://www.primuspower.com,https://www.linkedin.com/company/primus-power/,Energy Developer,primus-power
no connection at all,C · Small or unknown scale,Raba Kistner,Civil / land engineering,Construction / engineering,"San Antonio, Texas",Texas,201 to 500,,,,,,https://www.rkci.com,https://www.linkedin.com/company/raba-kistner/,Civil Land Developers,raba-kistner
no connection at all,C · Small or unknown scale,Robins & Morton,General contractor,Construction / engineering,,,,,,,,,,https://www.linkedin.com/company/robins-&-morton,General Contractors USA,robins-morton
no connection at all,C · Small or unknown scale,"Rodgers Builders, Inc.",General contractor,Construction / engineering,,,,,,,,,,https://www.linkedin.com/company/rodgers-builders,General Contractors USA,rodgers-builders-inc
no connection at all,C · Small or unknown scale,rPlus Energies,Energy developer / utility,Energy / utility,"Salt Lake City, Utah",Utah,51-200,,,1,,,https://www.rplusenergies.com,https://www.linkedin.com/company/rplus-energies/,Energy Developer,rplus-energies
no connection at all,C · Small or unknown scale,Rudolph and Sletten,General contractor,Construction / engineering,,,,,,,,,,https://www.linkedin.com/company/rudolph-and-sletten/,General Contractors USA,rudolph-and-sletten
no connection at all,C · Small or unknown scale,Russell,DC developer / operator + General contractor,Construction / engineering,,,,,,1,,,,https://www.linkedin.com/company/russell-construction,General Contractors USA,russell
no connection at all,C · Small or unknown scale,S. M. Wilson & Co.,General contractor,Construction / engineering,,,,,,,,,,https://www.linkedin.com/company/smwilson,General Contractors USA,s-m-wilson-co
no connection at all,C · Small or unknown scale,San Isabel Electric Association,Energy developer / utility,Energy / utility,"Rye, Colorado",Colorado,11 to 50,,,,,,https://www.siea.com,,Energy Developer,san-isabel-electric-association
no connection at all,C · Small or unknown scale,San Luis Valley REC,Energy developer / utility,Energy / utility,"Monte Vista, Colorado",Colorado,11 to 50,,,,,,https://www.slvrec.com,,Energy Developer,san-luis-valley-rec
no connection at all,C · Small or unknown scale,Sandlot Engineering,Civil / land engineering,Construction / engineering,"Houston, Texas",Texas,1 to 10,,,,,,https://sandlotengineering.com,https://www.linkedin.com/company/sandlot-engineering-llc/,Civil Land Developers,sandlot-engineering
no connection at all,C · Small or unknown scale,Sangre de Cristo Electric Association,Energy developer / utility,Energy / utility,"Buena Vista, Colorado",Colorado,11 to 50,,,,,,https://www.sangredecristoea.com,,Energy Developer,sangre-de-cristo-electric-association
no connection at all,C · Small or unknown scale,Sansone Group,Real estate & industrial developer,Real estate / industrial,"St. Louis, Missouri",Missouri,51-200,,,,,,https://www.sansonegroup.com,https://www.linkedin.com/company/sansone-group/,Real Estate Developers USA,sansone-group
no connection at all,C · Small or unknown scale,Saragon,DC developer / operator,Pure-play data center,"Phoenix, Arizona, United States",United States,51-200,,,,,,https://www.saragoninfra.com/,https://www.linkedin.com/company/saragon/,Data Centre Developer,saragon
no connection at all,C · Small or unknown scale,Scale Microgrids,Energy developer / utility,Energy / utility,New York,New York,51-200,,,,,,https://www.scalemicrogrids.com,https://www.linkedin.com/company/scale-microgrids/,Energy Developer,scale-microgrids
no connection at all,C · Small or unknown scale,SCOR,DC developer / operator,Real estate / industrial,,,,,,1,,,,,Clockwork / research,scor
no connection at all,C · Small or unknown scale,SELF Infrastructure,DC developer / operator,Pure-play data center,,,,,,1,,,,,Clockwork / research,self-infrastructure
no connection at all,C · Small or unknown scale,Sepi Engineering,Civil / land engineering,Construction / engineering,"Raleigh, North Carolina",North Carolina,201 to 500,,,,,,https://www.sepiengineering.com,https://www.linkedin.com/company/sepi-engineering-construction/,Civil Land Developers,sepi-engineering
no connection at all,C · Small or unknown scale,Shawmut Design & Construction,General contractor,Construction / engineering,,,,,,,,,,,General Contractors USA,shawmut-design-construction
no connection at all,C · Small or unknown scale,"Skyler Design Build, LLC",General contractor,Construction / engineering,,,,,,,,,,https://www.linkedin.com/company/skylerdesignbuild/,General Contractors USA,skyler-design-build-llc
no connection at all,C · Small or unknown scale,Skyline Construction,General contractor,Construction / engineering,,,,,,,,,,https://www.linkedin.com/company/skylineconstruction/,General Contractors USA,skyline-construction
no connection at all,C · Small or unknown scale,SkySun Solar,Energy developer / utility,Energy / utility,Colorado,Colorado,1-10,,,,,,,,Energy Developer,skysun-solar
no connection at all,C · Small or unknown scale,SMT Energy,Energy developer / utility,Energy / utility,"Houston, Texas",Texas,11 to 50,,,1,,,https://www.smtenergy.com,https://www.linkedin.com/company/smt-energy/,Energy Developer,smt-energy
no connection at all,C · Small or unknown scale,SolAmerica Energy,Energy developer / utility,Energy / utility,"Atlanta, Georgia",Georgia,11 to 50,,,1,,,https://www.solamericaenergy.com,https://www.linkedin.com/company/solamerica-energy/,Energy Developer,solamerica-energy
no connection at all,C · Small or unknown scale,Southeast Colorado Power Association,Energy developer / utility,Energy / utility,"La Junta, Colorado",Colorado,11 to 50,,,,,,https://www.secpa.com,,Energy Developer,southeast-colorado-power-association
no connection at all,C · Small or unknown scale,Sphere 3D,Cryptomining pivot,Pure-play data center,,,,,,,,,,,Clockwork / research,sphere-3d
no connection at all,C · Small or unknown scale,Spiars Engineering,Civil / land engineering,Construction / engineering,"Plano, Texas",Texas,51 to 200,,,,,,https://spiarseng.com/,https://www.linkedin.com/company/spiars-engineering/,Civil Land Developers,spiars-engineering
no connection at all,C · Small or unknown scale,SSOE Group,General contractor,Construction / engineering,,,,,,,,,,https://www.linkedin.com/company/ssoe-group/,General Contractors USA,ssoe-group
no connection at all,C · Small or unknown scale,Standard Solar,Energy developer / utility,Energy / utility,"Rockville, Maryland",Maryland,51-200,,,1,,,https://www.standardsolar.com,https://www.linkedin.com/company/standard-solar/,Energy Developer,standard-solar
no connection at all,C · Small or unknown scale,Stellium Data Centres - The Data Meridian,DC developer / operator,Pure-play data center,,,,,,1,,,,,Clockwork / research,stellium-data-centres-the-data-meridian
no connection at all,C · Small or unknown scale,STO Building Group,General contractor,Construction / engineering,,,,,,2,,,,,General Contractors USA,sto-building-group
no connection at all,C · Small or unknown scale,Sun2o Partners,DC developer / operator,Energy / utility,,,,,,1,,,,,Clockwork / research,sun2o-partners
no connection at all,C · Small or unknown scale,Sunbelt Holdings,Real estate & industrial developer,Real estate / industrial,"Scottsdale, Arizona",Arizona,51-200,,,,,,https://www.sunbeltholdings.com,https://www.linkedin.com/company/sunbelt-holdings/,Real Estate Developers USA,sunbelt-holdings
no connection at all,C · Small or unknown scale,SunShare,Energy developer / utility,Energy / utility,"Denver, Colorado",Colorado,51-200,,,2,,,https://www.mysunshare.com,https://www.linkedin.com/company/sunshare/,Energy Developer,sunshare
no connection at all,C · Small or unknown scale,SWI Group,DC developer / operator,Conglomerate,,,,,,1,,,,,Clockwork / research,swi-group
no connection at all,C · Small or unknown scale,TA Digital Group,DC developer / operator,Real estate / industrial,,,,,,2,1,,,,Clockwork / research,ta-digital-group
no connection at all,C · Small or unknown scale,The CORE Group – Builders,General contractor,Construction / engineering,,,,,,1,,,,https://www.linkedin.com/company/the-core-group-builders,General Contractors USA,the-core-group-builders
no connection at all,C · Small or unknown scale,The Hagerman Group,General contractor,Construction / engineering,,,,,,,,,,https://www.linkedin.com/company/the-hagerman-group,General Contractors USA,the-hagerman-group
no connection at all,C · Small or unknown scale,The ProLift Rigging Company,General contractor,Construction / engineering,,,,,,,,,,https://www.linkedin.com/company/proliftrigging,General Contractors USA,the-prolift-rigging-company
no connection at all,C · Small or unknown scale,The Traffic Group,Civil / land engineering,Construction / engineering,"Baltimore, Maryland",Maryland,51 to 200,,,,,,http://www.trafficgroup.com,https://www.linkedin.com/company/the-traffic-group-inc-/,Civil Land Developers,the-traffic-group
no connection at all,C · Small or unknown scale,TNP,Civil / land engineering,Construction / engineering,"Fort Worth, Texas",Texas,201 to 500,,,1,,,https://www.tnpinc.com,https://www.linkedin.com/company/teague-nall-and-perkins-inc-/,Civil Land Developers,tnp
no connection at all,C · Small or unknown scale,Tri Global Energy,Energy developer / utility,Energy / utility,"Dallas, Texas",Texas,51-200,,,,,,https://www.triglobalenergy.com,https://www.linkedin.com/company/tri-global-energy/,Energy Developer,tri-global-energy
no connection at all,C · Small or unknown scale,TurningPoint Energy,Energy developer / utility,Energy / utility,"Charlotte, North Carolina",North Carolina,11 to 50,,,2,,,https://www.turningpointenergy.com,https://www.linkedin.com/company/turningpoint-energy/,Energy Developer,turningpoint-energy
no connection at all,C · Small or unknown scale,Tutor Perini Corporation,General contractor,Construction / engineering,,,,,,,,,,https://www.linkedin.com/company/tutor-perini-corporation/,General Contractors USA,tutor-perini-corporation
no connection at all,C · Small or unknown scale,Unico Solar Investors,Energy developer / utility,Energy / utility,"Milwaukee, Wisconsin",Wisconsin,11 to 50,,,,,,https://www.unicosolar.com,https://www.linkedin.com/company/unico-solar-investors/,Energy Developer,unico-solar-investors
no connection at all,C · Small or unknown scale,United Power,Energy developer / utility,Energy / utility,"Brighton, Colorado",Colorado,201-500,,,1,,,https://www.unitedpower.com,https://www.linkedin.com/company/united-power/,Energy Developer,united-power
no connection at all,C · Small or unknown scale,Up Engineering,Civil / land engineering,Construction / engineering,"San Antonio, Texas",Texas,11 to 50,,,,,,http://www.upengineering.com,https://www.linkedin.com/company/up-engineering-llc/,Civil Land Developers,up-engineering
no connection at all,C · Small or unknown scale,Vogt Engineering,Civil / land engineering,Construction / engineering,"The Woodlands, Texas",Texas,1 to 10,,,,,,https://vogtengineering.com,https://www.linkedin.com/company/vogt-engineering-llc/,Civil Land Developers,vogt-engineering
no connection at all,C · Small or unknown scale,"Walsh, Colucci, Lubeley & Walsh",Civil / land engineering,Construction / engineering,"Arlington, Virginia",Virginia,51 to 200,,,,,,http://www.thelandlawyers.com/,https://www.linkedin.com/company/walshcoluccilubeley&walshpc/,Civil Land Developers,walsh-colucci-lubeley-walsh
no connection at all,C · Small or unknown scale,Wayne Brothers Companies,General contractor,Construction / engineering,,,,,,,,,,https://www.linkedin.com/company/wayne-brothers-companies,General Contractors USA,wayne-brothers-companies
no connection at all,C · Small or unknown scale,WGA,Civil / land engineering,Construction / engineering,"Houston, Texas",Texas,51 to 200,,,,,,https://wga-llc.com/,https://www.linkedin.com/company/ward-getz-associates-llc/,Civil Land Developers,wga
no connection at all,C · Small or unknown scale,Wildwood Solar,Energy developer / utility,Energy / utility,"Portland, Oregon",Oregon,11 to 50,,,,,,https://www.wildwoodsolar.com,,Energy Developer,wildwood-solar
no connection at all,C · Small or unknown scale,WithersRavenel,Civil / land engineering,Construction / engineering,"Cary, North Carolina",North Carolina,201 to 500,,,,,,https://www.withersravenel.com,https://www.linkedin.com/company/withersravenel/,Civil Land Developers,withersravenel
no connection at all,C · Small or unknown scale,XL Construction,General contractor,Construction / engineering,,,,,,1,,,,https://www.linkedin.com/company/xl-construction/,General Contractors USA,xl-construction
no connection at all,C · Small or unknown scale,Yampa Valley Electric Association,Energy developer / utility,Energy / utility,"Steamboat Springs, Colorado",Colorado,51-200,,,,,,https://www.yvea.com,,Energy Developer,yampa-valley-electric-association
no owner on record,,Digital Realty,DC developer / operator,Pure-play data center,"Austin, Texas, United States",United States,"1,001-5,000",7608,Primary Focus,184,,ACCIONA; ARCO Design/Build; CoreWeave; Gilbane Building Company; KDC Real Estate Development; Mapletree Industrial,https://www.digitalrealty.com/,https://www.linkedin.com/company/digitalrealty/,Data Centre Developer,digital-realty
no owner on record,,Google,Hyperscaler,Pure-play data center,"Mountain View, California",California,10001,6567,Primary Focus,335,,AES Clean Energy; Apex Clean Energy; Avangrid Renewables; Brookfield Renewable; Clearway Energy Group; Cypress Creek Renewables,https://goo.gle/3DLEokh,https://www.linkedin.com/company/google/,Data Centre Developer,google
no owner on record,,NTT,DC developer / operator,Telecom / network,"London, United Kingdom",United Kingdom,"501-1,000",5383,Primary Focus,64,2,Clark Construction Group,https://services.global.ntt/globaldatacenters,https://www.linkedin.com/company/ntt-global-data-centers/,Data Centre Developer,ntt
no owner on record,,AWS,Hyperscaler,Pure-play data center,"Seattle, Washington",Washington,"1,001-5,000",5127,Primary Focus,420,,AES Clean Energy; Avangrid Renewables; Bohler; Cipher Mining; Corporate Office Properties Trust; Dominion Energy,http://aws.amazon.com,https://www.linkedin.com/company/amazon-web-services/,Data Centre Developer,aws
no owner on record,,CloudHQ,DC developer / operator,Pure-play data center,"Washington D.C, United States",United States,201-500,4511,Primary Focus,40,,Holder Construction,http://www.cloudhq.com,https://www.linkedin.com/company/cloudhq-llc/,Data Centre Developer,cloudhq
no owner on record,,Equinix,DC developer / operator,Pure-play data center,"Redwood City, California, United States",United States,10001,3552,Primary Focus,256,,Clayco; GPX Global; atNorth,http://www.equinix.com,https://www.linkedin.com/company/equinix/,Data Centre Developer,equinix
no owner on record,,Prologis,DC developer / operator + Real estate & industrial developer,Real estate / industrial,"San Francisco, California, United States",United States,"1,001-5,000",3380,Secondary Focus,147,,Skybox Datacenters,http://www.prologis.com,https://www.linkedin.com/company/prologis/,Cold Storage & Industrial Developers; Data Centre Developer; Real Estate Developers USA,prologis
no owner on record,,ESR Group,DC developer / operator,Pure-play data center,,,"1,001-5,000",1461,Secondary Focus,3,,LOGOS,https://www.esr.com/,https://www.linkedin.com/company/esrgroup/,Data Centre Developer,esr-group
no owner on record,,GDS Holdings,DC developer / operator,Pure-play data center,"Shanghai, China",China,"1,001-5,000",1430,Primary Focus,2,,DayOne,https://www.gds-services.com/,https://www.linkedin.com/company/gds-holdings/,Data Centre Developer,gds-holdings
no owner on record,,Iron Mountain,DC developer / operator,Pure-play data center,"Boston, Texas, Massachusetts, United States",United States,10001,1131,,,,Clark Construction Group,http://www.ironmountain.com,https://www.linkedin.com/company/iron-mountain/,Data Centre Developer,iron-mountain
no owner on record,,Bridge Data Centres,DC developer / operator,Pure-play data center,Singapore,Singapore,201-500,840,Primary Focus,6,,ByteDance,http://www.bridgedatacentres.com,https://www.linkedin.com/company/bridgedc/,Data Centre Developer,bridge-data-centres
no owner on record,,Peterson Companies,DC developer / operator,Pure-play data center,"Fairfax, Virginia, United States",United States,51-200,713,,13,,Bohler,http://www.petersoncos.com,https://www.linkedin.com/company/the-peterson-companies/,Data Centre Developer,peterson-companies
no owner on record,,Edged,DC developer / operator,Pure-play data center,"New York, United States",United States,51-200,686,,20,1,Seefried Industrial Properties; Ware Malcomb,http://www.edgedenergy.com,https://www.linkedin.com/company/edgedenergy/,Data Centre Developer,edged
no owner on record,,Brookfield Asset Management,DC developer / operator,Pure-play data center,,,,600,Secondary Focus,,,TransAlta Renewables,https://bam.brookfield.com/,,Data Centre Developer,brookfield-asset-management
no owner on record,,Bohler,Civil / land engineering + DC developer / operator,Construction / engineering,"Warren, New Jersey",New Jersey,"501 to 1,000",448,,101,,AWS; Peterson Companies; STACK Infrastructure,https://www.bohlerengineering.com,https://www.linkedin.com/company/bohlereng/,Civil Land Developers; Data Centre Developer,bohler
no owner on record,,Apple,Hyperscaler,Pure-play data center,"Cupertino, California",California,10001,355,Primary Focus,32,,Engie,http://www.apple.com/careers,https://www.linkedin.com/company/apple/,Data Centre Developer,apple
no owner on record,,Lincoln,DC developer / operator + Real estate & industrial developer,Pure-play data center,"Dallas, Texas",Texas,"1,001-5,000",220,,38,,metrobloks,https://www.lincolnproperty.com,https://www.linkedin.com/company/lincoln-property-company/,Data Centre Developer; Real Estate Developers USA,lincoln
no owner on record,,Hut 8,Cryptomining pivot + NeoCloud / AI infra,Pure-play data center,"Miami, Florida",Florida,1 to 10,209,,16,,Anthropic; Fluidstack; Jacobs; NVIDIA,https://hut8.com/,https://www.linkedin.com/company/hut8corp/,Data Centre Developer,hut-8
no owner on record,,G42 Cloud,NeoCloud / AI infra,Pure-play data center,,,,205,Primary Focus,,,TeraWulf,,,Data Centre Developer,g42-cloud
no owner on record,,Bit Digital (WhiteFiber),NeoCloud / AI infra,Pure-play data center,New York,New York,,199,,,,Enovum Data Centers; Nscale,https://bit-digital.com/,,Data Centre Developer,bit-digital
no owner on record,,SoftBank Corp.,DC developer / operator + NeoCloud / AI infra,Pure-play data center,"Minato-ku, Tokyo, Japan",Japan,201-500,169,Secondary Focus,,,OpenAI,https://group.softbank/en/,https://www.linkedin.com/company/softbankgroup/,Data Centre Developer,softbank-corp
no owner on record,,Bitdeer Technologies,Cryptomining pivot + NeoCloud / AI infra,Pure-play data center,,,,120,,,,Anthropic,,,Data Centre Developer,bitdeer-technologies
no owner on record,,HMC Capital,DC developer / operator,Pure-play data center,"Santiago, Chile",Chile,51-200,56,Secondary Focus,1,,Global Switch,http://www.hmccap.com,https://www.linkedin.com/company/hmc-capital/,Data Centre Developer,hmc-capital
no owner on record,,Evocative,DC developer / operator,Pure-play data center,"Los Angeles, California, United States",United States,201-500,31,,,,INAP,https://www.evocative.com,https://www.linkedin.com/company/evocativeglobal/,Data Centre Developer,evocative
no owner on record,,NVIDIA,DC developer / operator + NeoCloud / AI infra,Pure-play data center,"Santa Clara, California, United States",United States,10001,30,Secondary Focus,7,,Hut 8; Lambda,http://www.nvidia.com,https://www.linkedin.com/company/nvidia/,Data Centre Developer,nvidia
no owner on record,,Mapletree Industrial,DC developer / operator + Real estate & industrial developer,Pure-play data center,Singapore,Singapore,"1,001-5,000",22,Secondary Focus,,,Digital Realty,http://www.mapletree.com.sg,https://www.linkedin.com/company/mapletree/,Data Centre Developer; Real Estate Developers USA,mapletree-industrial
no owner on record,,HIVE,NeoCloud / AI infra,Pure-play data center,,,,20,,,,Bitfarms (Keel Infrastructure),,,Data Centre Developer,hive
no owner on record,,Galaxy Digital,NeoCloud / AI infra + DC developer / operator,Conglomerate,New York,New York,"501-1,000",20,Primary Focus,2,,CoreWeave,https://www.galaxy.com/,https://www.linkedin.com/company/galaxyhq/,Data Centre Developer,galaxy-digital
no owner on record,,ACCIONA,General contractor,Construction / engineering,,,,,,2,,Digital Realty,,https://www.linkedin.com/company/acciona/,General Contractors USA,acciona
no owner on record,,AECOM,Civil / land engineering + General contractor + Real estate & industrial developer,Construction / engineering,"Dallas, Texas",Texas,"10,001+",,,106,,DataBank; Nostrum,http://www.aecom.com,https://www.linkedin.com/company/aecom/,Civil Land Developers; Cold Storage & Industrial Developers; General Contractors USA,aecom
no owner on record,,AES Clean Energy,Energy developer / utility,Energy / utility,"Arlington, Virginia",Virginia,"10,001+",,,69,,AWS; Google; Meta; Microsoft,https://www.aescorporation.com,https://www.linkedin.com/company/aes-corporation/,Energy Developer,aes-clean-energy
no owner on record,,Affinius Capital,Real estate & industrial developer,Real estate / industrial,"San Antonio, Texas",Texas,201-500,,,5,,Corscale Data Centers,https://www.affiniuscapital.com,https://www.linkedin.com/company/affinius-capital/,Real Estate Developers USA; Cold Storage & Industrial Developers,affinius-capital
no owner on record,,AMD,DC developer / operator + NeoCloud / AI infra,Pure-play data center,"Santa Clara, California, United States",United States,10001,,,3,,Riot Platforms,https://www.amd.com/en.html,https://www.linkedin.com/company/amd/,Data Centre Developer,amd
no owner on record,,Anthropic,DC developer / operator + NeoCloud / AI infra,Pure-play data center,"San Francisco, California, United States",United States,"501-1,000",,,10,,Bitdeer Technologies; Hut 8; Nscale; Riot Platforms; TeraWulf,https://www.anthropic.com/company,https://www.linkedin.com/company/anthropicresearch/,Data Centre Developer,anthropic
no owner on record,,Apex Clean Energy,Energy developer / utility,Energy / utility,"Charlottesville, Virginia",Virginia,201-500,,,38,,Google; Meta,https://www.apexcleanenergy.com,https://www.linkedin.com/company/apex-clean-energy/,Energy Developer,apex-clean-energy
no owner on record,,ARCO Construction,General contractor,Construction / engineering,,,,,,,,Riot Platforms; Skybox Datacenters,,,General Contractors USA,arco-construction
no owner on record,,ARCO Design/Build,Real estate & industrial developer,Real estate / industrial,"St. Louis, Missouri",Missouri,"501-1,000",,,,,Digital Realty; Skybox Datacenters,https://www.arcodb.com,https://www.linkedin.com/company/arco-design-build/,Cold Storage & Industrial Developers,arco-design-build
no owner on record,,Ares Real Estate,Real estate & industrial developer,Real estate / industrial,"Los Angeles, California",California,"501-1,000",,,,,Sabey Data Centers,https://www.aresmgmt.com/real-estate,https://www.linkedin.com/company/ares-management/,Real Estate Developers USA,ares-real-estate
no owner on record,,Arevon Energy,Energy developer / utility,Energy / utility,"Scottsdale, Arizona",Arizona,51-200,,,15,,Meta,https://www.arevon.com,https://www.linkedin.com/company/arevon-energy/,Energy Developer,arevon-energy
no owner on record,,Avangrid Renewables,Energy developer / utility,Energy / utility,"Portland, Oregon",Oregon,201-500,,,24,,AWS; Google; Meta; Microsoft,https://www.avangrid.com,https://www.linkedin.com/company/avangrid/,Energy Developer,avangrid-renewables
no owner on record,,Balfour Beatty US,Civil / land engineering + General contractor,Construction / engineering,"Dallas, Texas",Texas,"5,001 to 10,000",,,35,,Compass Datacenters,https://www.balfourbeattyus.com,https://www.linkedin.com/company/balfour-beatty-us/,Civil Land Developers; General Contractors USA,balfour-beatty-us
no owner on record,,Black Hills Energy,Energy developer / utility,Energy / utility,"Rapid City, South Dakota",South Dakota,"1,001-5,000",,,1,,Meta; Microsoft,https://www.blackhillsenergy.com,https://www.linkedin.com/company/black-hills-energy/,Energy Developer,black-hills-energy
no owner on record,,Boldt Company,General contractor + Real estate & industrial developer,Real estate / industrial,"Appleton, Wisconsin",Wisconsin,"1,001-5,000",,,,,Microsoft,https://www.boldt.com,https://www.linkedin.com/company/the-boldt-company/,Cold Storage & Industrial Developers; General Contractors USA,boldt-company
no owner on record,,Brasfield & Gorrie,Civil / land engineering + General contractor,Construction / engineering,"Birmingham, Alabama",Alabama,"5,001 to 10,000",,,16,,Compass Datacenters; DataBank,https://www.brasfieldgorrie.com,https://www.linkedin.com/company/brasfield-gorrie/,Civil Land Developers; General Contractors USA,brasfield-gorrie
no owner on record,,Brookfield Renewable,Energy developer / utility,Energy / utility,New York,New York,"1,001-5,000",,,5,,Google; Microsoft,https://www.brookfieldrenewable.com,https://www.linkedin.com/company/brookfield-renewable-partners/,Energy Developer,brookfield-renewable
no owner on record,,Burns & McDonnell,Civil / land engineering + General contractor + Real estate & industrial developer,Construction / engineering,"Kansas City, Missouri",Missouri,"10,001+",,,101,,Meta; Rowan Digital Infrastructure,https://www.burnsmcd.com,https://www.linkedin.com/company/burns-mcdonnell/,Civil Land Developers; Cold Storage & Industrial Developers; General Contractors USA,burns-mcdonnell
no owner on record,,ByteDance,DC developer / operator,Pure-play data center,,,,,,14,,Bridge Data Centres; Green Mountain Global Data Centers,,,Clockwork / research,bytedance
no owner on record,,Clark Construction Group,General contractor,Construction / engineering,,,,,,47,,Iron Mountain; NTT,,https://www.linkedin.com/company/clarkconstructiongroup/,General Contractors USA,clark-construction-group
no owner on record,,Clayco,Civil / land engineering + General contractor + Real estate & industrial developer,Construction / engineering,"Chicago, Illinois",Illinois,"1,001 to 5,000",,,9,,Equinix; Microsoft; QTS Data Centers; Related Digital,https://www.claycorp.com,https://www.linkedin.com/company/clayco/,Civil Land Developers; General Contractors USA; Real Estate Developers USA,clayco
no owner on record,,CleanSpark,Cryptomining pivot,Pure-play data center,,,,,,3,,Mawson Infrastructure Group,,,Clockwork / research,cleanspark
no owner on record,,Clearway Energy Group,Energy developer / utility,Energy / utility,"San Francisco, California",California,"501-1,000",,,28,,Google; Microsoft,https://www.clearwayenergygroup.com,https://www.linkedin.com/company/clearway-energy-group/,Energy Developer,clearway-energy-group
no owner on record,,Clune Construction Company,General contractor,Construction / engineering,,,,,,2,,Serverfarm; T5 Data Centers,,https://www.linkedin.com/company/cluneconstruction/,General Contractors USA,clune-construction-company
no owner on record,,Corporate Office Properties Trust,Real estate & industrial developer,Real estate / industrial,"Columbia, Maryland",Maryland,201-500,,,,,AWS,https://www.copt.com,https://www.linkedin.com/company/corporate-office-properties-trust/,Real Estate Developers USA,corporate-office-properties-trust
no owner on record,,Crow Holdings,Real estate & industrial developer,Real estate / industrial,"Dallas, Texas",Texas,201-500,,,21,,CleanArc Data Centers,https://www.crowholdings.com,https://www.linkedin.com/company/crow-holdings/,Real Estate Developers USA,crow-holdings
no owner on record,,Cypress Creek Renewables,Energy developer / utility,Energy / utility,"Chapel Hill, North Carolina",North Carolina,201-500,,,9,,Google; Meta; Microsoft,https://www.ccrenew.com,https://www.linkedin.com/company/cypress-creek-renewables/,Energy Developer,cypress-creek-renewables
no owner on record,,D. E. Shaw Renewable Investments (DESRI),Energy developer / utility,Energy / utility,New York,New York,51-200,,,,,Meta,https://www.desrienergy.com,https://www.linkedin.com/company/d-e-shaw-renewable-investments/,Energy Developer,d-e-shaw-renewable-investments
no owner on record,,Dominion Energy,Energy developer / utility,Energy / utility,"Richmond, Virginia",Virginia,"10,001+",,,19,,AWS,https://www.dominionenergy.com,https://www.linkedin.com/company/dominion-energy/,Energy Developer,dominion-energy
no owner on record,,DPR Construction,Civil / land engineering + General contractor,Construction / engineering,"Redwood City, California",California,"5,001 to 10,000",,,121,,Meta; Vantage,https://www.dpr.com,https://www.linkedin.com/company/dpr-construction/,Civil Land Developers; General Contractors USA,dpr-construction
no owner on record,,Duke Energy Renewables,Energy developer / utility,Energy / utility,"Charlotte, North Carolina",North Carolina,"10,001+",,,,,AWS; Google; Microsoft,https://www.duke-energy.com,https://www.linkedin.com/company/duke-energy/,Energy Developer,duke-energy-renewables
no owner on record,,EDP Renewables,Energy developer / utility,Energy / utility,"Houston, Texas",Texas,201-500,,,11,,AWS; Meta; Microsoft,https://www.edpr.com,https://www.linkedin.com/company/edp-renewables/,Energy Developer,edp-renewables
no owner on record,,Enel Green Power North America,Energy developer / utility,Energy / utility,"Andover, Massachusetts",Massachusetts,201-500,,,,,Google; Meta,https://www.enelgreenpower.com,https://www.linkedin.com/company/enel-green-power/,Energy Developer,enel-green-power-north-america
no owner on record,,Engie,Energy developer / utility,Energy / utility,"Houston, Texas",Texas,"10,001+",,,18,,Apple; Google; Meta,https://www.engie.com,https://www.linkedin.com/company/engie/,Energy Developer,engie
no owner on record,,Fluidstack,DC developer / operator,Pure-play data center,,,,,,12,,Cipher Mining; Hut 8; TeraWulf,,,Clockwork / research,fluidstack
no owner on record,,Fluor Corporation,General contractor,Construction / engineering,,,,,,10,,TeraWulf,,https://www.linkedin.com/company/fluor/,General Contractors USA,fluor-corporation
no owner on record,,Form Energy grid development team,Energy developer / utility,Energy / utility,"Berkeley, California",California,201-500,,,,,Crusoe; Google,https://www.formenergy.com,https://www.linkedin.com/company/form-energy/,Energy Developer,form-energy-grid-development-team
no owner on record,,Fortis Construction,General contractor,Construction / engineering,,,,,,14,,Meta,,https://www.linkedin.com/company/fortis-construction/,General Contractors USA,fortis-construction
no owner on record,,Gilbane Building Company,General contractor,Construction / engineering,,,,,,20,,Digital Realty,,https://www.linkedin.com/company/gilbane-building-company/,General Contractors USA,gilbane-building-company
no owner on record,,Global Logistics Properties,Real estate & industrial developer,Real estate / industrial,Singapore,Singapore,"1,001-5,000",,,,,Ada Infrastructure,https://www.glprop.com,https://www.linkedin.com/company/global-logistic-properties/,Real Estate Developers USA,global-logistics-properties
no owner on record,,Gray Construction,Real estate & industrial developer,Real estate / industrial,"Lexington, Kentucky",Kentucky,"1,001-5,000",,,3,,AWS,https://www.gray.com,https://www.linkedin.com/company/gray-construction/,Cold Storage & Industrial Developers,gray-construction
no owner on record,,Harrison Street Real Estate,Real estate & industrial developer,Real estate / industrial,"Chicago, Illinois",Illinois,201-500,,,,,1547 Critical Systems Realty; PowerHouse Data Centers,https://www.harrisonst.com,https://www.linkedin.com/company/harrison-street-real-estate/,Real Estate Developers USA,harrison-street-real-estate
no owner on record,,Haskell,General contractor,Construction / engineering,,,,,,7,,AWS,,,General Contractors USA,haskell
no owner on record,,Hensel Phelps,Civil / land engineering + General contractor,Construction / engineering,"Greeley, Colorado",Colorado,"5,001 to 10,000",,,54,,Meta,https://www.henselphelps.com,https://www.linkedin.com/company/hensel-phelps/,Civil Land Developers; General Contractors USA,hensel-phelps
no owner on record,,Hillwood Investment Properties,Real estate & industrial developer,Real estate / industrial,"Dallas, Texas",Texas,"501-1,000",,,45,,Meta; STACK Infrastructure; T5 Data Centers,https://www.hillwood.com,https://www.linkedin.com/company/hillwood/,Cold Storage & Industrial Developers; Real Estate Developers USA,hillwood-investment-properties
no owner on record,,Hines,Real estate & industrial developer,Real estate / industrial,"Houston, Texas",Texas,"1,001-5,000",,,25,,Compass Datacenters,https://www.hines.com,https://www.linkedin.com/company/hines/,Real Estate Developers USA,hines
no owner on record,,HITT Contracting,Civil / land engineering + General contractor + Real estate & industrial developer,Construction / engineering,"Falls Church, Virginia",Virginia,"1,001 to 5,000",,,25,,Corscale Data Centers; Microsoft; QTS Data Centers; Rowan Digital Infrastructure,https://www.hitt-gc.com,https://www.linkedin.com/company/hitt-contracting/,Civil Land Developers; Cold Storage & Industrial Developers; General Contractors USA,hitt-contracting
no owner on record,,Holder Construction,Civil / land engineering + General contractor,Construction / engineering,"Atlanta, Georgia",Georgia,"1,001 to 5,000",,,24,,CloudHQ; Google; Meta; Microsoft,https://www.holderconstruction.com,https://www.linkedin.com/company/holder-construction/,Civil Land Developers; General Contractors USA,holder-construction
no owner on record,,Huitt-Zollars,Civil / land engineering,Construction / engineering,"Dallas, Texas",Texas,"501 to 1,000",,,1,,Meta,https://www.huitt-zollars.com,https://www.linkedin.com/company/huitt-zollars-inc/,Civil Land Developers,huitt-zollars
no owner on record,,Intersect Power,Energy developer / utility,Energy / utility,"San Francisco, California",California,51-200,,,13,,Google,https://www.intersectpower.com,https://www.linkedin.com/company/intersect-power/,Energy Developer,intersect-power
no owner on record,,Invenergy,Energy developer / utility,Energy / utility,"Chicago, Illinois",Illinois,"1,001-5,000",,,57,,Meta,https://www.invenergy.com,https://www.linkedin.com/company/invenergy/,Energy Developer,invenergy
no owner on record,,Invesco Real Estate,Real estate & industrial developer,Real estate / industrial,"Dallas, Texas",Texas,201-500,,,,,Flexential,https://www.invesco.com/real-estate,https://www.linkedin.com/company/invesco/,Real Estate Developers USA,invesco-real-estate
no owner on record,,Jacobs,Civil / land engineering + Real estate & industrial developer,Construction / engineering,"Dallas, Texas",Texas,"10,001+",,,169,,Hut 8,https://www.jacobs.com,https://www.linkedin.com/company/jacobs/,Civil Land Developers; Cold Storage & Industrial Developers,jacobs
no owner on record,,JE Dunn Construction,General contractor,Construction / engineering,,,,,,32,,Meta,,https://www.linkedin.com/company/je-dunn-construction/,General Contractors USA,je-dunn-construction
no owner on record,,KDC Real Estate Development,Real estate & industrial developer,Real estate / industrial,"Dallas, Texas",Texas,51-200,,,,,Digital Realty,https://www.kdcre.com,https://www.linkedin.com/company/kdc/,Real Estate Developers USA,kdc-real-estate-development
no owner on record,,Kimley-Horn,Civil / land engineering,Construction / engineering,"Raleigh, North Carolina",North Carolina,"5,001 to 10,000",,,384,,AWS; QTS Data Centers,https://www.kimley-horn.com,https://www.linkedin.com/company/kimley-horn/,Civil Land Developers,kimley-horn
no owner on record,,Lambda,DC developer / operator,Pure-play data center,,,,,,4,,Aligned Data Centers; EdgeConneX; Microsoft; NVIDIA; Prime Data Centers,,,Clockwork / research,lambda
no owner on record,,Langan,Civil / land engineering,Construction / engineering,"Parsippany, New Jersey",New Jersey,"1,001 to 5,000",,,43,,CoreSite; Vantage,https://www.langan.com,https://www.linkedin.com/company/langan-engineering-environmental-services/,Civil Land Developers,langan
no owner on record,,Leeward Renewable Energy,Energy developer / utility,Energy / utility,"Dallas, Texas",Texas,51-200,,,26,,Google; Microsoft,https://www.leewardenergy.com,https://www.linkedin.com/company/leeward-renewable-energy/,Energy Developer,leeward-renewable-energy
no owner on record,,Lendlease,Real estate & industrial developer,Real estate / industrial,Sydney,Sydney,"10,001+",,,13,,Princeton Digital Group,https://www.lendlease.com,https://www.linkedin.com/company/lendlease/,Real Estate Developers USA,lendlease
no owner on record,,Lightsource bp,Energy developer / utility,Energy / utility,"San Francisco, California",California,201-500,,,26,,Meta,https://www.lightsourcebp.com,https://www.linkedin.com/company/lightsource-bp/,Energy Developer,lightsource-bp
no owner on record,,Longroad Energy,Energy developer / utility,Energy / utility,"Boston, Massachusetts",Massachusetts,51-200,,,9,,Meta,https://www.longroadenergy.com,https://www.linkedin.com/company/longroad-energy/,Energy Developer,longroad-energy
no owner on record,,Majestic Realty,Real estate & industrial developer,Real estate / industrial,"Baldwin Park, California",California,201-500,,,1,,Google; Switch,https://www.majesticrealty.com,https://www.linkedin.com/company/majestic-realty-co-/,Cold Storage & Industrial Developers; Real Estate Developers USA,majestic-realty
no owner on record,,McCarthy Building Companies,Civil / land engineering + General contractor,Construction / engineering,"St. Louis, Missouri",Missouri,"5,001 to 10,000",,,40,,Vantage,https://www.mccarthy.com,https://www.linkedin.com/company/mccarthy-building-companies/,Civil Land Developers; General Contractors USA,mccarthy-building-companies
no owner on record,,McKinstry,General contractor,Construction / engineering,,,,,,4,,Microsoft; Sabey Data Centers,,https://www.linkedin.com/company/mckinstry,General Contractors USA,mckinstry
no owner on record,,Mortenson,General contractor + Civil / land engineering,Construction / engineering,"Minneapolis, Minnesota",Minnesota,"5,001 to 10,000",,,78,,Meta; Microsoft,https://www.mortenson.com,https://www.linkedin.com/company/mortenson,General Contractors USA; Civil Land Developers,mortenson
no owner on record,,Nuveen Real Estate,Real estate & industrial developer,Real estate / industrial,"Chicago, Illinois",Illinois,"501-1,000",,,,,Prime Data Centers,https://www.nuveen.com/real-estate,https://www.linkedin.com/company/nuveen/,Real Estate Developers USA,nuveen-real-estate
no owner on record,,Obayashi Corporation,General contractor,Construction / engineering,,,,,,,,AWS,,https://www.linkedin.com/company/obayashi-corporation/,General Contractors USA,obayashi-corporation
no owner on record,,OpenAI,NeoCloud / AI infra,Pure-play data center,,,,,,14,,Khazna Data Centers; Oracle; SB Energy; SoftBank Corp.; Walbridge,,,Clockwork / research,openai
no owner on record,,Origis Energy,Energy developer / utility,Energy / utility,"Miami, Florida",Florida,201-500,,,10,,Meta,https://www.originsenergy.com,https://www.linkedin.com/company/origis-energy/,Energy Developer,origis-energy
no owner on record,,Pape-Dawson Engineers,Civil / land engineering,Construction / engineering,"San Antonio, Texas",Texas,"1,001 to 5,000",,,41,,Microsoft,https://www.pape-dawson.com,https://www.linkedin.com/company/pape-dawson-engineers/,Civil Land Developers,pape-dawson-engineers
no owner on record,,"PCL Construction Services, Inc.",General contractor,Construction / engineering,,,,,,,,Flexential,,https://www.linkedin.com/company/pcl-construction/,General Contractors USA,pcl-construction-services-inc
no owner on record,,Pine Gate Renewables,Energy developer / utility,Energy / utility,"Asheville, North Carolina",North Carolina,51-200,,,2,,Meta,https://www.pinegaterenewables.com,https://www.linkedin.com/company/pine-gate-renewables/,Energy Developer,pine-gate-renewables
no owner on record,,Primergy Solar,Energy developer / utility,Energy / utility,"San Francisco, California",California,51-200,,,7,,Microsoft,https://www.primergysolar.com,https://www.linkedin.com/company/primergy-solar/,Energy Developer,primergy-solar
no owner on record,,Principal Real Estate Investors,Real estate & industrial developer,Real estate / industrial,"Des Moines, Iowa",Iowa,201-500,,,,,Stream Data Centers,https://www.principalrei.com,https://www.linkedin.com/company/principal-real-estate/,Real Estate Developers USA,principal-real-estate-investors
no owner on record,,QuadReal Property Group,Real estate & industrial developer,Real estate / industrial,"Vancouver, British Columbia",British Columbia,201-500,,,,,T5 Data Centers,https://www.quadreal.com,https://www.linkedin.com/company/quadreal-property-group/,Real Estate Developers USA,quadreal-property-group
no owner on record,,Riot Platforms,Cryptomining pivot,Pure-play data center,,,,,,4,,AMD; ARCO Construction; Anthropic; Bitfarms (Keel Infrastructure),,,Clockwork / research,riot-platforms
no owner on record,,Rogers-O'Brien Construction,General contractor,Construction / engineering,,,,,,4,,DataBank; Microsoft,,https://www.linkedin.com/company/rogersobrien/,General Contractors USA,rogers-o-brien-construction
no owner on record,,RWE Clean Energy,Energy developer / utility,Energy / utility,"Chicago, Illinois",Illinois,"501-1,000",,,65,,AWS; Meta; Microsoft,https://www.rwe.com/en/rwe-clean-energy/,https://www.linkedin.com/company/rwe-clean-energy/,Energy Developer,rwe-clean-energy
no owner on record,,"Ryan Companies US, Inc.",General contractor + Real estate & industrial developer,Construction / engineering,"Minneapolis, Minnesota",Minnesota,"1,001-5,000",,,47,,EdgeCore Digital Infrastructure; Google,https://www.ryancompanies.com,https://www.linkedin.com/company/ryan-companies-us-inc-/,General Contractors USA; Real Estate Developers USA,ryan-companies-us-inc
no owner on record,,SB Energy,NeoCloud / AI infra,Pure-play data center,"San Francisco, California, United States",United States,201-500,,,4,,OpenAI,https://sbenergy.com/,https://www.linkedin.com/company/sb-energy-softbank-group-/,Data Centre Developer,sb-energy
no owner on record,,Seefried Industrial Properties,Real estate & industrial developer,Real estate / industrial,"Atlanta, Georgia",Georgia,51-200,,,24,,Edged,https://www.seefriedproperties.com,https://www.linkedin.com/company/seefried-industrial-properties/,Cold Storage & Industrial Developers; Real Estate Developers USA,seefried-industrial-properties
no owner on record,,Silicon Ranch,Energy developer / utility,Energy / utility,"Nashville, Tennessee",Tennessee,201-500,,,6,,Meta,https://www.siliconranch.com,https://www.linkedin.com/company/silicon-ranch/,Energy Developer,silicon-ranch
no owner on record,,Skanska USA,Civil / land engineering + General contractor,Construction / engineering,New York,New York,"10,001+",,,40,,Aligned Data Centers; Flexential,https://www.usa.skanska.com,https://www.linkedin.com/company/skanska/,Civil Land Developers; General Contractors USA,skanska-usa
no owner on record,,Sol Systems,Energy developer / utility,Energy / utility,"Washington, DC",DC,51-200,,,2,,Microsoft,https://www.solsystems.com,https://www.linkedin.com/company/sol-systems/,Energy Developer,sol-systems
no owner on record,,Stream Realty Partners,Real estate & industrial developer,Real estate / industrial,"Dallas, Texas",Texas,"1,001-5,000",,,18,,Stream Data Centers,https://www.streamrealty.com,https://www.linkedin.com/company/stream-realty-partners/,Real Estate Developers USA,stream-realty-partners
no owner on record,,Structure Tone,Civil / land engineering + General contractor,Construction / engineering,New York,New York,"1,001 to 5,000",,,3,,Switch,https://www.structuretone.com,https://www.linkedin.com/company/structure-tone/,Civil Land Developers; General Contractors USA,structure-tone
no owner on record,,Sundt Construction (Dev Services),Real estate & industrial developer,Real estate / industrial,"Tempe, Arizona",Arizona,"1,001-5,000",,,,,Compass Datacenters,https://www.sundt.com,https://www.linkedin.com/company/sundt-construction/,Cold Storage & Industrial Developers,sundt-construction
no owner on record,,TA Associates Realty,Real estate & industrial developer,Real estate / industrial,"Boston, Massachusetts",Massachusetts,201-500,,,,,EdgeConneX; Microsoft,https://www.taa.com,https://www.linkedin.com/company/ta-realty/,Real Estate Developers USA,ta-associates-realty
no owner on record,,Talen Energy,Energy developer / utility,Energy / utility,"Woodlands, Texas",Texas,"1,001-5,000",,,1,,AWS; TeraWulf,https://www.talenenergy.com,https://www.linkedin.com/company/talen-energy/,Energy Developer,talen-energy
no owner on record,,Tenaska Renewables,Energy developer / utility,Energy / utility,"Omaha, Nebraska",Nebraska,201-500,,,4,,Microsoft,https://www.tenaskarenewables.com,https://www.linkedin.com/company/tenaska/,Energy Developer,tenaska-renewables
no owner on record,,The Weitz Company,General contractor,Construction / engineering,,,,,,21,,Microsoft; QTS Data Centers,,https://www.linkedin.com/company/the-weitz-company/,General Contractors USA,the-weitz-company
no owner on record,,The Whiting-Turner Contracting Company,General contractor,Construction / engineering,,,,,,21,,Google,,https://www.linkedin.com/company/the-whiting-turner-contracting-company/,General Contractors USA,the-whiting-turner-contracting-company
no owner on record,,Timmons Group,Civil / land engineering,Construction / engineering,"Richmond, Virginia",Virginia,"501 to 1,000",,,8,,Tract,https://www.timmons.com,https://www.linkedin.com/company/timmons-group/,Civil Land Developers,timmons-group
no owner on record,,Tishman Speyer,Real estate & industrial developer,Real estate / industrial,"New York, New York",New York,"1,001-5,000",,,7,,Mainova WebHouse,https://www.tishmanspeyer.com,https://www.linkedin.com/company/tishman-speyer/,Real Estate Developers USA,tishman-speyer
no owner on record,,TotalEnergies Renewables USA,Energy developer / utility,Energy / utility,"Houston, Texas",Texas,201-500,,,5,,AWS; Google; Microsoft,https://www.totalenergies.com,https://www.linkedin.com/company/totalenergies/,Energy Developer,totalenergies-renewables-usa
no owner on record,,TransAlta Renewables,Energy developer / utility,Energy / utility,Calgary,Calgary,"1,001-5,000",,,5,,Brookfield Asset Management; Meta,https://www.transalta.com,https://www.linkedin.com/company/transalta/,Energy Developer,transalta-renewables
no owner on record,,Truebeck Construction,General contractor,Construction / engineering,,,,,,5,,Digital Realty; Vantage,,https://www.linkedin.com/company/truebeck-construction/,General Contractors USA,truebeck-construction
no owner on record,,Turner Construction,Civil / land engineering + General contractor,Construction / engineering,New York,New York,"10,001+",,,68,,Meta; Vantage,https://www.turnerconstruction.com,https://www.linkedin.com/company/turner-construction-company/,Civil Land Developers; General Contractors USA,turner-construction
no owner on record,,Urban Grid,Energy developer / utility,Energy / utility,"Houston, Texas",Texas,51-200,,,6,,Microsoft,https://www.urban-grid.com,https://www.linkedin.com/company/urban-grid-solar/,Energy Developer,urban-grid
no owner on record,,VanTrust Real Estate,Real estate & industrial developer,Real estate / industrial,"Kansas City, Missouri",Missouri,51-200,,,3,,Aligned Data Centers; EdgeConneX; Novva Data Centers; QTS Data Centers,https://www.vantrustrealestate.com,https://www.linkedin.com/company/vantrust-real-estate/,Real Estate Developers USA,vantrust-real-estate
no owner on record,,Walbridge,General contractor + Real estate & industrial developer,Real estate / industrial,"Detroit, Michigan",Michigan,"1,001-5,000",,,2,,OpenAI; Oracle; Related Digital,https://www.walbridge.com,https://www.linkedin.com/company/walbridge/,Cold Storage & Industrial Developers; General Contractors USA,walbridge
no owner on record,,Walsh Group,General contractor,Construction / engineering,,,,,,,,Microsoft,,,General Contractors USA,walsh-group
no owner on record,,Ware Malcomb,Real estate & industrial developer,Real estate / industrial,"Irvine, California",California,"501-1,000",,,1,,Edged,https://www.waremalcomb.com,https://www.linkedin.com/company/ware-malcomb/,Real Estate Developers USA,ware-malcomb
no owner on record,,Woolpert,Civil / land engineering,Construction / engineering,"Dayton, Ohio",Ohio,"1,001 to 5,000",,,1,,Digital Realty,https://www.woolpert.com,https://www.linkedin.com/company/woolpert/,Civil Land Developers,woolpert
no owner on record,,Yates Construction,General contractor,Construction / engineering,,,,,,3,,AWS,,https://www.linkedin.com/company/yates-construction/,General Contractors USA,yates-construction
no owner on record,,Ørsted,Energy developer / utility,Energy / utility,"Boston, Massachusetts",Massachusetts,"1,001-5,000",,,19,,AWS; Google; Meta; Microsoft,https://www.orsted.com,https://www.linkedin.com/company/orsted/,Energy Developer,rsted
